Iteration,Time,Fitness,FEvals,Restarts,max_iters,current_restart,Problem_Size,Seed
0,0.00021839496912434697,48.0,0.0,0,2048,0,25,55
1,0.0018931999802589417,48.0,1.0,0,2048,0,25,55
2,0.0034493280109018087,49.0,3.0,0,2048,0,25,55
3,0.005331648979336023,49.0,4.0,0,2048,0,25,55
4,0.0055975139839574695,50.0,6.0,0,2048,0,25,55
5,0.007278812990989536,50.0,7.0,0,2048,0,25,55
6,0.00737459200900048,50.0,8.0,0,2048,0,25,55
7,0.007445889990776777,50.0,9.0,0,2048,0,25,55
8,0.0075160019914619625,50.0,10.0,0,2048,0,25,55
9,0.012304097996093333,50.0,11.0,0,2048,0,25,55
10,0.012516280985437334,50.0,12.0,0,2048,0,25,55
11,0.012675286969169974,50.0,13.0,0,2048,0,25,55
12,0.012826790974941105,50.0,14.0,0,2048,0,25,55
13,0.01298113795928657,50.0,15.0,0,2048,0,25,55
14,0.013132827007211745,50.0,16.0,0,2048,0,25,55
15,0.013285919965710491,50.0,17.0,0,2048,0,25,55
16,0.013446290977299213,50.0,18.0,0,2048,0,25,55
17,0.021270313998684287,50.0,19.0,0,2048,0,25,55
18,0.021633583994116634,51.0,21.0,0,2048,0,25,55
19,0.022123052971437573,51.0,22.0,0,2048,0,25,55
20,0.02239031798671931,51.0,23.0,0,2048,0,25,55
21,0.022807823959738016,51.0,24.0,0,2048,0,25,55
22,0.02313231397420168,51.0,25.0,0,2048,0,25,55
23,0.02346707199467346,51.0,26.0,0,2048,0,25,55
24,0.023759439995046705,51.0,27.0,0,2048,0,25,55
25,0.02437437098706141,51.0,28.0,0,2048,0,25,55
26,0.02452372998232022,51.0,29.0,0,2048,0,25,55
27,0.02461007999954745,51.0,30.0,0,2048,0,25,55
28,0.025319446984212846,51.0,31.0,0,2048,0,25,55
29,0.02618246799102053,51.0,32.0,0,2048,0,25,55
30,0.026954798959195614,51.0,33.0,0,2048,0,25,55
31,0.027167571999598294,51.0,34.0,0,2048,0,25,55
32,0.031135881959926337,51.0,35.0,0,2048,0,25,55
33,0.040935277997050434,51.0,36.0,0,2048,0,25,55
34,0.08137104799970984,51.0,37.0,0,2048,0,25,55
35,0.08166811399860308,51.0,38.0,0,2048,0,25,55
36,0.08195874700322747,52.0,40.0,0,2048,0,25,55
37,0.08241403399733827,52.0,41.0,0,2048,0,25,55
38,0.08275011496152729,52.0,42.0,0,2048,0,25,55
39,0.08305182697949931,52.0,43.0,0,2048,0,25,55
40,0.08334331697551534,52.0,44.0,0,2048,0,25,55
41,0.08360462496057153,52.0,45.0,0,2048,0,25,55
42,0.08380719099659473,52.0,46.0,0,2048,0,25,55
43,0.08409520197892562,52.0,47.0,0,2048,0,25,55
44,0.0843572790035978,52.0,48.0,0,2048,0,25,55
45,0.08474216499598697,53.0,50.0,0,2048,0,25,55
46,0.08498668496031314,54.0,52.0,0,2048,0,25,55
47,0.08517879899591208,54.0,53.0,0,2048,0,25,55
48,0.08533783897291869,54.0,54.0,0,2048,0,25,55
49,0.0855190489673987,54.0,55.0,0,2048,0,25,55
50,0.08574252901598811,55.0,57.0,0,2048,0,25,55
0,0.00016368000069633126,49.0,0.0,0,2048,0,25,888
1,0.0018079529982060194,49.0,1.0,0,2048,0,25,888
2,0.0034794689854606986,49.0,2.0,0,2048,0,25,888
3,0.004856858984567225,50.0,4.0,0,2048,0,25,888
4,0.004944031010381877,50.0,5.0,0,2048,0,25,888
5,0.006230684986803681,50.0,6.0,0,2048,0,25,888
6,0.006321355002000928,50.0,7.0,0,2048,0,25,888
7,0.00639408000279218,50.0,8.0,0,2048,0,25,888
8,0.006461490003857762,50.0,9.0,0,2048,0,25,888
9,0.00793702102964744,51.0,11.0,0,2048,0,25,888
10,0.008075428020674735,51.0,12.0,0,2048,0,25,888
11,0.00824035203550011,51.0,13.0,0,2048,0,25,888
12,0.008374597993679345,51.0,14.0,0,2048,0,25,888
13,0.008501144999172539,51.0,15.0,0,2048,0,25,888
14,0.008591338992118835,51.0,16.0,0,2048,0,25,888
15,0.00866517098620534,51.0,17.0,0,2048,0,25,888
16,0.008775664027780294,52.0,19.0,0,2048,0,25,888
17,0.010288527992088348,53.0,21.0,0,2048,0,25,888
18,0.010382784006651491,53.0,22.0,0,2048,0,25,888
19,0.010458178003318608,53.0,23.0,0,2048,0,25,888
20,0.010530113999266177,53.0,24.0,0,2048,0,25,888
21,0.010683291009627283,53.0,25.0,0,2048,0,25,888
22,0.010803051991388202,53.0,26.0,0,2048,0,25,888
23,0.01088201702805236,53.0,27.0,0,2048,0,25,888
24,0.01095466100377962,53.0,28.0,0,2048,0,25,888
25,0.011038370023015887,53.0,29.0,0,2048,0,25,888
26,0.011113882006611675,53.0,30.0,0,2048,0,25,888
27,0.011189141019713134,53.0,31.0,0,2048,0,25,888
28,0.011264402011875063,53.0,32.0,0,2048,0,25,888
29,0.011339653981849551,53.0,33.0,0,2048,0,25,888
30,0.011414571024943143,53.0,34.0,0,2048,0,25,888
31,0.011490272008813918,53.0,35.0,0,2048,0,25,888
32,0.011566550994757563,53.0,36.0,0,2048,0,25,888
33,0.013126100995577872,53.0,37.0,0,2048,0,25,888
34,0.013223405985627323,53.0,38.0,0,2048,0,25,888
35,0.013302540988661349,53.0,39.0,0,2048,0,25,888
36,0.013379378011450171,53.0,40.0,0,2048,0,25,888
37,0.01345579803455621,53.0,41.0,0,2048,0,25,888
38,0.013707640988286585,54.0,43.0,0,2048,0,25,888
39,0.013931352004874498,54.0,44.0,0,2048,0,25,888
40,0.01484420703491196,54.0,45.0,0,2048,0,25,888
41,0.015069658984430134,54.0,46.0,0,2048,0,25,888
42,0.01522700599161908,54.0,47.0,0,2048,0,25,888
43,0.015356733987573534,54.0,48.0,0,2048,0,25,888
44,0.015493599988985807,54.0,49.0,0,2048,0,25,888
45,0.015951068024151027,54.0,50.0,0,2048,0,25,888
46,0.016277964983601123,54.0,51.0,0,2048,0,25,888
47,0.01642691600136459,54.0,52.0,0,2048,0,25,888
48,0.01978062401758507,54.0,53.0,0,2048,0,25,888
49,0.020115555031225085,54.0,54.0,0,2048,0,25,888
50,0.020454101031646132,54.0,55.0,0,2048,0,25,888
51,0.020717045990750194,54.0,56.0,0,2048,0,25,888
52,0.020981691021006554,55.0,58.0,0,2048,0,25,888
0,0.00024234602460637689,47.0,0.0,0,2048,0,25,12345
1,0.002149478008504957,47.0,1.0,0,2048,0,25,12345
2,0.0036443810095079243,47.0,2.0,0,2048,0,25,12345
3,0.0056607750011608005,47.0,3.0,0,2048,0,25,12345
4,0.005771604017354548,47.0,4.0,0,2048,0,25,12345
5,0.009290988033171743,48.0,6.0,0,2048,0,25,12345
6,0.009429211029782891,49.0,8.0,0,2048,0,25,12345
7,0.00950446299975738,49.0,9.0,0,2048,0,25,12345
8,0.009576174023095518,49.0,10.0,0,2048,0,25,12345
9,0.011866961023770273,49.0,11.0,0,2048,0,25,12345
10,0.01227193302474916,49.0,12.0,0,2048,0,25,12345
11,0.01258943899301812,50.0,14.0,0,2048,0,25,12345
12,0.012795974034816027,50.0,15.0,0,2048,0,25,12345
13,0.012993337993975729,50.0,16.0,0,2048,0,25,12345
14,0.013182805036194623,50.0,17.0,0,2048,0,25,12345
15,0.01336658903164789,50.0,18.0,0,2048,0,25,12345
16,0.013549079012591392,50.0,19.0,0,2048,0,25,12345
17,0.12652470503235236,50.0,20.0,0,2048,0,25,12345
18,0.12668616400333121,50.0,21.0,0,2048,0,25,12345
19,0.12680914701195434,50.0,22.0,0,2048,0,25,12345
20,0.12693045003106818,50.0,23.0,0,2048,0,25,12345
21,0.12705415999516845,50.0,24.0,0,2048,0,25,12345
22,0.1271875380189158,50.0,25.0,0,2048,0,25,12345
23,0.12737578403903171,51.0,27.0,0,2048,0,25,12345
24,0.12749818002339453,51.0,28.0,0,2048,0,25,12345
25,0.12762282002950087,51.0,29.0,0,2048,0,25,12345
26,0.1277466870378703,51.0,30.0,0,2048,0,25,12345
27,0.1279371640412137,52.0,32.0,0,2048,0,25,12345
28,0.12806552299298346,52.0,33.0,0,2048,0,25,12345
29,0.12818812701152638,52.0,34.0,0,2048,0,25,12345
30,0.12831058603478596,52.0,35.0,0,2048,0,25,12345
31,0.12875808303942904,52.0,36.0,0,2048,0,25,12345
32,0.12891993403900415,52.0,37.0,0,2048,0,25,12345
33,0.1338071990176104,52.0,38.0,0,2048,0,25,12345
34,0.13414589001331478,53.0,40.0,0,2048,0,25,12345
35,0.13434891001088545,53.0,41.0,0,2048,0,25,12345
36,0.1345590070122853,53.0,42.0,0,2048,0,25,12345
37,0.13473198702558875,53.0,43.0,0,2048,0,25,12345
38,0.134928381012287,53.0,44.0,0,2048,0,25,12345
39,0.13509721704758704,53.0,45.0,0,2048,0,25,12345
40,0.13526706502307206,53.0,46.0,0,2048,0,25,12345
41,0.13547470001503825,53.0,47.0,0,2048,0,25,12345
42,0.13564500299980864,53.0,48.0,0,2048,0,25,12345
43,0.13581870001507923,53.0,49.0,0,2048,0,25,12345
44,0.1359841250232421,53.0,50.0,0,2048,0,25,12345
45,0.1361552090384066,53.0,51.0,0,2048,0,25,12345
46,0.13632124400464818,53.0,52.0,0,2048,0,25,12345
47,0.13651720702182502,53.0,53.0,0,2048,0,25,12345
48,0.13668802502797917,53.0,54.0,0,2048,0,25,12345
49,0.13695240300148726,53.0,55.0,0,2048,0,25,12345
50,0.13725601503392681,54.0,57.0,0,2048,0,25,12345
51,0.13744543999200687,54.0,58.0,0,2048,0,25,12345
52,0.1375963650061749,54.0,59.0,0,2048,0,25,12345
53,0.13774245599051937,54.0,60.0,0,2048,0,25,12345
54,0.13788837601896375,54.0,61.0,0,2048,0,25,12345
55,0.13803377002477646,54.0,62.0,0,2048,0,25,12345
56,0.13817597302841023,54.0,63.0,0,2048,0,25,12345
57,0.1383132390328683,54.0,64.0,0,2048,0,25,12345
58,0.13845781103009358,54.0,65.0,0,2048,0,25,12345
59,0.13860334403580055,54.0,66.0,0,2048,0,25,12345
60,0.13876841601449996,54.0,67.0,0,2048,0,25,12345
61,0.13897935103159398,54.0,68.0,0,2048,0,25,12345
62,0.13914366799872369,54.0,69.0,0,2048,0,25,12345
63,0.13933294301386923,54.0,70.0,0,2048,0,25,12345
64,0.1395263880258426,54.0,71.0,0,2048,0,25,12345
65,0.14343407104024664,54.0,72.0,0,2048,0,25,12345
66,0.14367413701256737,54.0,73.0,0,2048,0,25,12345
67,0.14388481702189893,54.0,74.0,0,2048,0,25,12345
68,0.14408990304218605,54.0,75.0,0,2048,0,25,12345
69,0.14427788101602346,54.0,76.0,0,2048,0,25,12345
70,0.14445994002744555,54.0,77.0,0,2048,0,25,12345
71,0.14484128402546048,54.0,78.0,0,2048,0,25,12345
72,0.14506223902571946,54.0,79.0,0,2048,0,25,12345
73,0.1452574470313266,54.0,80.0,0,2048,0,25,12345
74,0.14536812604637817,54.0,81.0,0,2048,0,25,12345
75,0.14546169299865142,54.0,82.0,0,2048,0,25,12345
76,0.14555269904667512,54.0,83.0,0,2048,0,25,12345
77,0.14564691099803895,54.0,84.0,0,2048,0,25,12345
78,0.1457374970195815,54.0,85.0,0,2048,0,25,12345
79,0.14582745503867045,54.0,86.0,0,2048,0,25,12345
80,0.14591782604111359,54.0,87.0,0,2048,0,25,12345
81,0.14600814902223647,54.0,88.0,0,2048,0,25,12345
82,0.1460987590253353,54.0,89.0,0,2048,0,25,12345
83,0.14618937904015183,54.0,90.0,0,2048,0,25,12345
84,0.14628105703741312,54.0,91.0,0,2048,0,25,12345
85,0.14637250103987753,54.0,92.0,0,2048,0,25,12345
86,0.14646390499547124,54.0,93.0,0,2048,0,25,12345
87,0.14655650802887976,54.0,94.0,0,2048,0,25,12345
88,0.14664901699870825,54.0,95.0,0,2048,0,25,12345
89,0.146740859025158,54.0,96.0,0,2048,0,25,12345
90,0.14683374704327434,54.0,97.0,0,2048,0,25,12345
91,0.14692677004495636,54.0,98.0,0,2048,0,25,12345
92,0.14702044799923897,54.0,99.0,0,2048,0,25,12345
93,0.14711806003469974,54.0,100.0,0,2048,0,25,12345
94,0.14721270004520193,54.0,101.0,0,2048,0,25,12345
95,0.14730725303525105,54.0,102.0,0,2048,0,25,12345
96,0.1474022110342048,54.0,103.0,0,2048,0,25,12345
97,0.14749788300832734,54.0,104.0,0,2048,0,25,12345
98,0.14759378699818626,54.0,105.0,0,2048,0,25,12345
99,0.1476891830097884,54.0,106.0,0,2048,0,25,12345
100,0.14778505399590358,54.0,107.0,0,2048,0,25,12345
101,0.14788102800957859,54.0,108.0,0,2048,0,25,12345
102,0.14797709503909573,54.0,109.0,0,2048,0,25,12345
103,0.14807437401032075,54.0,110.0,0,2048,0,25,12345
104,0.148171364038717,54.0,111.0,0,2048,0,25,12345
105,0.14826877502491698,54.0,112.0,0,2048,0,25,12345
106,0.1483669390436262,54.0,113.0,0,2048,0,25,12345
107,0.14846486801980063,54.0,114.0,0,2048,0,25,12345
108,0.14856292703188956,54.0,115.0,0,2048,0,25,12345
109,0.14866662403801456,54.0,116.0,0,2048,0,25,12345
110,0.1487665290478617,54.0,117.0,0,2048,0,25,12345
111,0.14886645902879536,54.0,118.0,0,2048,0,25,12345
112,0.148966767010279,54.0,119.0,0,2048,0,25,12345
113,0.14906679902924225,54.0,120.0,0,2048,0,25,12345
114,0.14916794700548053,54.0,121.0,0,2048,0,25,12345
115,0.14926873304648325,54.0,122.0,0,2048,0,25,12345
116,0.14937053003814071,54.0,123.0,0,2048,0,25,12345
117,0.14947223104536533,54.0,124.0,0,2048,0,25,12345
118,0.15250989701598883,54.0,125.0,0,2048,0,25,12345
119,0.1528326499974355,54.0,126.0,0,2048,0,25,12345
120,0.15308981604175642,54.0,127.0,0,2048,0,25,12345
121,0.1535831750370562,54.0,128.0,0,2048,0,25,12345
122,0.1556415890227072,55.0,130.0,0,2048,0,25,12345
0,0.0005243699997663498,109.0,0.0,0,2048,0,50,55
1,0.0031038689776323736,109.0,1.0,0,2048,0,50,55
2,0.006126622960437089,110.0,3.0,0,2048,0,50,55
3,0.00870579294860363,110.0,4.0,0,2048,0,50,55
4,0.009003019949886948,110.0,5.0,0,2048,0,50,55
5,0.013156926957890391,110.0,6.0,0,2048,0,50,55
6,0.013512829958926886,110.0,7.0,0,2048,0,50,55
7,0.013858852966222912,110.0,8.0,0,2048,0,50,55
8,0.014328237972222269,110.0,9.0,0,2048,0,50,55
9,0.018105008988641202,110.0,10.0,0,2048,0,50,55
10,0.018448440998326987,110.0,11.0,0,2048,0,50,55
11,0.018893117958214134,110.0,12.0,0,2048,0,50,55
12,0.019187705998774618,110.0,13.0,0,2048,0,50,55
13,0.019766600977163762,111.0,15.0,0,2048,0,50,55
14,0.02004846098134294,111.0,16.0,0,2048,0,50,55
15,0.020470034971367568,111.0,17.0,0,2048,0,50,55
16,0.020792968978639692,111.0,18.0,0,2048,0,50,55
17,0.02494719298556447,111.0,19.0,0,2048,0,50,55
18,0.025116759992670268,111.0,20.0,0,2048,0,50,55
19,0.025262805982492864,111.0,21.0,0,2048,0,50,55
20,0.025389719987288117,111.0,22.0,0,2048,0,50,55
21,0.025594516948331147,112.0,24.0,0,2048,0,50,55
22,0.0257174099679105,112.0,25.0,0,2048,0,50,55
23,0.025837308960035443,112.0,26.0,0,2048,0,50,55
24,0.0259566199965775,112.0,27.0,0,2048,0,50,55
25,0.02607374597573653,112.0,28.0,0,2048,0,50,55
26,0.026189847965724766,112.0,29.0,0,2048,0,50,55
27,0.026305932959076017,112.0,30.0,0,2048,0,50,55
28,0.02642168098827824,112.0,31.0,0,2048,0,50,55
29,0.026537597994320095,112.0,32.0,0,2048,0,50,55
30,0.026653719949536026,112.0,33.0,0,2048,0,50,55
31,0.026769660995341837,112.0,34.0,0,2048,0,50,55
32,0.026962448959238827,114.0,36.0,0,2048,0,50,55
33,0.029372117947787046,114.0,37.0,0,2048,0,50,55
34,0.03042202297365293,114.0,38.0,0,2048,0,50,55
35,0.03131410095375031,114.0,39.0,0,2048,0,50,55
36,0.031747322995215654,114.0,40.0,0,2048,0,50,55
37,0.03229000396095216,114.0,41.0,0,2048,0,50,55
38,0.032909788948018104,115.0,43.0,0,2048,0,50,55
39,0.03327188699040562,115.0,44.0,0,2048,0,50,55
40,0.03392474097199738,116.0,46.0,0,2048,0,50,55
41,0.034468838945031166,117.0,48.0,0,2048,0,50,55
42,0.03476327296812087,117.0,49.0,0,2048,0,50,55
43,0.035015559988096356,118.0,51.0,0,2048,0,50,55
44,0.03538759099319577,118.0,52.0,0,2048,0,50,55
45,0.035560780961532146,118.0,53.0,0,2048,0,50,55
46,0.035881890973541886,118.0,54.0,0,2048,0,50,55
47,0.03618183796061203,118.0,55.0,0,2048,0,50,55
48,0.03653928899439052,118.0,56.0,0,2048,0,50,55
49,0.036849485943093896,118.0,57.0,0,2048,0,50,55
50,0.03715191996889189,118.0,58.0,0,2048,0,50,55
51,0.03760347998468205,118.0,59.0,0,2048,0,50,55
52,0.03822178900009021,118.0,60.0,0,2048,0,50,55
53,0.03859708696836606,118.0,61.0,0,2048,0,50,55
54,0.038921069994103163,118.0,62.0,0,2048,0,50,55
55,0.03922305896412581,118.0,63.0,0,2048,0,50,55
56,0.03956260997802019,118.0,64.0,0,2048,0,50,55
57,0.040008325944654644,118.0,65.0,0,2048,0,50,55
58,0.04034705797675997,118.0,66.0,0,2048,0,50,55
59,0.040657155972439796,118.0,67.0,0,2048,0,50,55
60,0.04098386794794351,119.0,69.0,0,2048,0,50,55
61,0.04115415795240551,119.0,70.0,0,2048,0,50,55
62,0.041295660950709134,119.0,71.0,0,2048,0,50,55
63,0.04151603998616338,119.0,72.0,0,2048,0,50,55
64,0.0416668769903481,119.0,73.0,0,2048,0,50,55
65,0.044339995947666466,119.0,74.0,0,2048,0,50,55
66,0.04471423994982615,119.0,75.0,0,2048,0,50,55
67,0.04486936598550528,119.0,76.0,0,2048,0,50,55
68,0.04508157097734511,119.0,77.0,0,2048,0,50,55
69,0.04636333498638123,119.0,78.0,0,2048,0,50,55
70,0.04680613294476643,119.0,79.0,0,2048,0,50,55
71,0.047286584973335266,119.0,80.0,0,2048,0,50,55
72,0.04754032997880131,119.0,81.0,0,2048,0,50,55
73,0.047715228982269764,119.0,82.0,0,2048,0,50,55
74,0.048082595982123166,119.0,83.0,0,2048,0,50,55
75,0.04829270695336163,119.0,84.0,0,2048,0,50,55
76,0.04856183397350833,119.0,85.0,0,2048,0,50,55
77,0.048870860948227346,119.0,86.0,0,2048,0,50,55
78,0.04917243996169418,119.0,87.0,0,2048,0,50,55
79,0.04935518896672875,119.0,88.0,0,2048,0,50,55
80,0.049495292943902314,119.0,89.0,0,2048,0,50,55
81,0.04963088996009901,119.0,90.0,0,2048,0,50,55
82,0.04976565297693014,119.0,91.0,0,2048,0,50,55
83,0.04990011494373903,119.0,92.0,0,2048,0,50,55
84,0.05003417999250814,119.0,93.0,0,2048,0,50,55
85,0.050168087997008115,119.0,94.0,0,2048,0,50,55
86,0.05030167294899002,119.0,95.0,0,2048,0,50,55
87,0.05043522495543584,119.0,96.0,0,2048,0,50,55
88,0.05056930799037218,119.0,97.0,0,2048,0,50,55
89,0.05070368299493566,119.0,98.0,0,2048,0,50,55
90,0.050837599963415414,119.0,99.0,0,2048,0,50,55
91,0.05097234999993816,119.0,100.0,0,2048,0,50,55
92,0.05110711697489023,119.0,101.0,0,2048,0,50,55
93,0.05124728998634964,119.0,102.0,0,2048,0,50,55
94,0.051383103942498565,119.0,103.0,0,2048,0,50,55
95,0.05151955399196595,119.0,104.0,0,2048,0,50,55
96,0.0516605909797363,119.0,105.0,0,2048,0,50,55
97,0.051798465952742845,119.0,106.0,0,2048,0,50,55
98,0.05193680297816172,119.0,107.0,0,2048,0,50,55
99,0.05282840394647792,119.0,108.0,0,2048,0,50,55
100,0.053126673970837146,119.0,109.0,0,2048,0,50,55
101,0.05331354297231883,119.0,110.0,0,2048,0,50,55
102,0.05360854498576373,119.0,111.0,0,2048,0,50,55
103,0.0655007689492777,119.0,112.0,0,2048,0,50,55
104,0.06580536294495687,119.0,113.0,0,2048,0,50,55
105,0.10429319797549397,120.0,115.0,0,2048,0,50,55
106,0.10478763998253271,120.0,116.0,0,2048,0,50,55
107,0.10525125899584964,120.0,117.0,0,2048,0,50,55
108,0.10570853995159268,120.0,118.0,0,2048,0,50,55
109,0.1059682669583708,120.0,119.0,0,2048,0,50,55
110,0.10615956597030163,120.0,120.0,0,2048,0,50,55
111,0.10633723699720576,120.0,121.0,0,2048,0,50,55
112,0.10650748596526682,120.0,122.0,0,2048,0,50,55
113,0.10667559294961393,120.0,123.0,0,2048,0,50,55
114,0.10684406495420262,120.0,124.0,0,2048,0,50,55
115,0.1070112069719471,120.0,125.0,0,2048,0,50,55
116,0.10718142596306279,120.0,126.0,0,2048,0,50,55
117,0.10743556794477627,121.0,128.0,0,2048,0,50,55
118,0.10764127294532955,121.0,129.0,0,2048,0,50,55
119,0.11584923096233979,121.0,130.0,0,2048,0,50,55
120,0.1162265749881044,121.0,131.0,0,2048,0,50,55
121,0.11644083797000349,121.0,132.0,0,2048,0,50,55
122,0.11683589697349817,121.0,133.0,0,2048,0,50,55
123,0.11853875097585842,121.0,134.0,0,2048,0,50,55
124,0.11958275496726856,121.0,135.0,0,2048,0,50,55
125,0.12014463596278802,121.0,136.0,0,2048,0,50,55
126,0.12063356098951772,121.0,137.0,0,2048,0,50,55
127,0.12116122298175469,121.0,138.0,0,2048,0,50,55
128,0.12150889897020534,121.0,139.0,0,2048,0,50,55
129,0.1358589599840343,121.0,140.0,0,2048,0,50,55
130,0.1360979339806363,121.0,141.0,0,2048,0,50,55
131,0.13627586094662547,121.0,142.0,0,2048,0,50,55
132,0.1364390579983592,121.0,143.0,0,2048,0,50,55
133,0.13659513095626608,121.0,144.0,0,2048,0,50,55
134,0.1367562209488824,121.0,145.0,0,2048,0,50,55
135,0.13699476094916463,121.0,146.0,0,2048,0,50,55
136,0.13836195995099843,121.0,147.0,0,2048,0,50,55
137,0.1387580189621076,121.0,148.0,0,2048,0,50,55
138,0.138981886964757,121.0,149.0,0,2048,0,50,55
139,0.1391856239642948,121.0,150.0,0,2048,0,50,55
140,0.1394632599549368,121.0,151.0,0,2048,0,50,55
141,0.13967438496183604,121.0,152.0,0,2048,0,50,55
142,0.13985143695026636,121.0,153.0,0,2048,0,50,55
143,0.14000664796913043,121.0,154.0,0,2048,0,50,55
144,0.1402154589886777,121.0,155.0,0,2048,0,50,55
145,0.1405045399442315,121.0,156.0,0,2048,0,50,55
146,0.14083919796394184,121.0,157.0,0,2048,0,50,55
147,0.14115282794227824,121.0,158.0,0,2048,0,50,55
148,0.14146854699356481,121.0,159.0,0,2048,0,50,55
149,0.1417979559628293,121.0,160.0,0,2048,0,50,55
150,0.17416502797277644,121.0,161.0,0,2048,0,50,55
151,0.17469941294984892,121.0,162.0,0,2048,0,50,55
152,0.18237885099370033,121.0,163.0,0,2048,0,50,55
153,0.18649529496906325,121.0,164.0,0,2048,0,50,55
154,0.1878834689850919,121.0,165.0,0,2048,0,50,55
155,0.18835992697859183,121.0,166.0,0,2048,0,50,55
156,0.18890465999720618,121.0,167.0,0,2048,0,50,55
157,0.18934372795047238,121.0,168.0,0,2048,0,50,55
158,0.1897139449720271,121.0,169.0,0,2048,0,50,55
159,0.1900551849976182,121.0,170.0,0,2048,0,50,55
160,0.19040524394949898,121.0,171.0,0,2048,0,50,55
161,0.19077747297706082,121.0,172.0,0,2048,0,50,55
162,0.19113549898611382,121.0,173.0,0,2048,0,50,55
163,0.191500439948868,121.0,174.0,0,2048,0,50,55
164,0.19982078298926353,121.0,175.0,0,2048,0,50,55
165,0.20463932899292558,121.0,176.0,0,2048,0,50,55
166,0.2051887729903683,121.0,177.0,0,2048,0,50,55
167,0.2056374839739874,121.0,178.0,0,2048,0,50,55
168,0.20605988695751876,121.0,179.0,0,2048,0,50,55
169,0.20691776496823877,121.0,180.0,0,2048,0,50,55
170,0.20740924699930474,121.0,181.0,0,2048,0,50,55
171,0.2078240109840408,121.0,182.0,0,2048,0,50,55
172,0.2102527959505096,121.0,183.0,0,2048,0,50,55
173,0.21135320898611099,121.0,184.0,0,2048,0,50,55
174,0.2119097889517434,121.0,185.0,0,2048,0,50,55
175,0.21238758694380522,121.0,186.0,0,2048,0,50,55
176,0.21283178398152813,121.0,187.0,0,2048,0,50,55
177,0.21369011094793677,122.0,189.0,0,2048,0,50,55
178,0.21527832798892632,122.0,190.0,0,2048,0,50,55
179,0.215627200959716,122.0,191.0,0,2048,0,50,55
180,0.21582269499776885,122.0,192.0,0,2048,0,50,55
181,0.21599889296339825,122.0,193.0,0,2048,0,50,55
182,0.2162651969701983,122.0,194.0,0,2048,0,50,55
183,0.21646077296463773,122.0,195.0,0,2048,0,50,55
184,0.21663141099270433,122.0,196.0,0,2048,0,50,55
185,0.2169430649955757,122.0,197.0,0,2048,0,50,55
186,0.21730809099972248,122.0,198.0,0,2048,0,50,55
187,0.21767338999779895,122.0,199.0,0,2048,0,50,55
188,0.21859951998339966,122.0,200.0,0,2048,0,50,55
189,0.21977222996065393,122.0,201.0,0,2048,0,50,55
190,0.22038058598991483,122.0,202.0,0,2048,0,50,55
191,0.2212417609989643,122.0,203.0,0,2048,0,50,55
192,0.2215490079834126,122.0,204.0,0,2048,0,50,55
193,0.22173915599705651,122.0,205.0,0,2048,0,50,55
194,0.22192009596619755,122.0,206.0,0,2048,0,50,55
195,0.22209798695985228,122.0,207.0,0,2048,0,50,55
196,0.22230386396404356,122.0,208.0,0,2048,0,50,55
197,0.22248568694340065,122.0,209.0,0,2048,0,50,55
198,0.22265736595727503,122.0,210.0,0,2048,0,50,55
199,0.2228288659825921,122.0,211.0,0,2048,0,50,55
200,0.22300135099794716,122.0,212.0,0,2048,0,50,55
201,0.22317619097884744,122.0,213.0,0,2048,0,50,55
202,0.22334786999272183,122.0,214.0,0,2048,0,50,55
203,0.2235196209512651,122.0,215.0,0,2048,0,50,55
204,0.22369558399077505,122.0,216.0,0,2048,0,50,55
205,0.22386762796668336,122.0,217.0,0,2048,0,50,55
206,0.22403954394394532,122.0,218.0,0,2048,0,50,55
207,0.22421206795843318,122.0,219.0,0,2048,0,50,55
208,0.22438404796412215,122.0,220.0,0,2048,0,50,55
209,0.22455715399701148,122.0,221.0,0,2048,0,50,55
210,0.22473029897082597,122.0,222.0,0,2048,0,50,55
211,0.22490370098967105,122.0,223.0,0,2048,0,50,55
212,0.22507820697501302,122.0,224.0,0,2048,0,50,55
213,0.22525292594218627,122.0,225.0,0,2048,0,50,55
214,0.2254276109742932,122.0,226.0,0,2048,0,50,55
215,0.22569488594308496,122.0,227.0,0,2048,0,50,55
216,0.22719367896206677,122.0,228.0,0,2048,0,50,55
217,0.2296799849718809,122.0,229.0,0,2048,0,50,55
218,0.23000712995417416,122.0,230.0,0,2048,0,50,55
219,0.23020807898137718,122.0,231.0,0,2048,0,50,55
220,0.2303909949841909,122.0,232.0,0,2048,0,50,55
221,0.23057170095853508,122.0,233.0,0,2048,0,50,55
222,0.23098720994312316,123.0,235.0,0,2048,0,50,55
0,0.00025079003535211086,108.0,0.0,0,2048,0,50,888
1,0.0015542720211669803,109.0,2.0,0,2048,0,50,888
2,0.0031047320226207376,109.0,3.0,0,2048,0,50,888
3,0.006927406007889658,109.0,4.0,0,2048,0,50,888
4,0.007082482043188065,109.0,5.0,0,2048,0,50,888
5,0.008485650003422052,109.0,6.0,0,2048,0,50,888
6,0.008692749019246548,111.0,8.0,0,2048,0,50,888
7,0.008809035003650934,111.0,9.0,0,2048,0,50,888
8,0.008922360022552311,111.0,10.0,0,2048,0,50,888
9,0.010637942992616445,113.0,12.0,0,2048,0,50,888
10,0.01089732302352786,116.0,14.0,0,2048,0,50,888
11,0.011096177040599287,117.0,16.0,0,2048,0,50,888
12,0.011212174023967236,117.0,17.0,0,2048,0,50,888
13,0.011324735009111464,117.0,18.0,0,2048,0,50,888
14,0.0115100450348109,118.0,20.0,0,2048,0,50,888
15,0.011620493023656309,118.0,21.0,0,2048,0,50,888
16,0.011731039034202695,118.0,22.0,0,2048,0,50,888
17,0.013919480028562248,118.0,23.0,0,2048,0,50,888
18,0.014156492019537836,120.0,25.0,0,2048,0,50,888
19,0.014284345030318946,120.0,26.0,0,2048,0,50,888
20,0.014406438043806702,120.0,27.0,0,2048,0,50,888
21,0.014533238019794226,120.0,28.0,0,2048,0,50,888
22,0.014648214040789753,120.0,29.0,0,2048,0,50,888
23,0.014763268001843244,120.0,30.0,0,2048,0,50,888
24,0.01495372602948919,121.0,32.0,0,2048,0,50,888
25,0.01507024304009974,121.0,33.0,0,2048,0,50,888
26,0.015185285010375082,121.0,34.0,0,2048,0,50,888
27,0.015300166036468,121.0,35.0,0,2048,0,50,888
28,0.015414591995067894,121.0,36.0,0,2048,0,50,888
29,0.015530835022218525,121.0,37.0,0,2048,0,50,888
30,0.015645527048036456,121.0,38.0,0,2048,0,50,888
31,0.015761221991851926,121.0,39.0,0,2048,0,50,888
32,0.01587601500796154,121.0,40.0,0,2048,0,50,888
33,0.017446236044634134,121.0,41.0,0,2048,0,50,888
34,0.017584340006578714,121.0,42.0,0,2048,0,50,888
35,0.01770595001289621,121.0,43.0,0,2048,0,50,888
36,0.01790303800953552,122.0,45.0,0,2048,0,50,888
37,0.018023215990979224,122.0,46.0,0,2048,0,50,888
38,0.018144294037483633,122.0,47.0,0,2048,0,50,888
39,0.01826296199578792,122.0,48.0,0,2048,0,50,888
40,0.018381683039478958,122.0,49.0,0,2048,0,50,888
41,0.018600914045237005,122.0,50.0,0,2048,0,50,888
42,0.018763875006698072,122.0,51.0,0,2048,0,50,888
43,0.01889395504258573,122.0,52.0,0,2048,0,50,888
44,0.019018783990759403,122.0,53.0,0,2048,0,50,888
45,0.019141268043313175,122.0,54.0,0,2048,0,50,888
46,0.019264008034951985,122.0,55.0,0,2048,0,50,888
47,0.01938503299606964,122.0,56.0,0,2048,0,50,888
48,0.0195072180358693,122.0,57.0,0,2048,0,50,888
49,0.01970368402544409,123.0,59.0,0,2048,0,50,888
0,0.0002519930130802095,111.0,0.0,0,2048,0,50,12345
1,0.0015931830275803804,111.0,1.0,0,2048,0,50,12345
2,0.002994704991579056,111.0,2.0,0,2048,0,50,12345
3,0.00432392000220716,112.0,4.0,0,2048,0,50,12345
4,0.004446547012776136,112.0,5.0,0,2048,0,50,12345
5,0.005639740033075213,112.0,6.0,0,2048,0,50,12345
6,0.00576138700125739,112.0,7.0,0,2048,0,50,12345
7,0.005871639994438738,112.0,8.0,0,2048,0,50,12345
8,0.005980065034236759,112.0,9.0,0,2048,0,50,12345
9,0.0071889800019562244,112.0,10.0,0,2048,0,50,12345
10,0.007312039029784501,112.0,11.0,0,2048,0,50,12345
11,0.007424805022310466,112.0,12.0,0,2048,0,50,12345
12,0.007586610037833452,112.0,13.0,0,2048,0,50,12345
13,0.0077852190006524324,113.0,15.0,0,2048,0,50,12345
14,0.00789682602044195,113.0,16.0,0,2048,0,50,12345
15,0.008011350000742823,113.0,17.0,0,2048,0,50,12345
16,0.00812562502687797,113.0,18.0,0,2048,0,50,12345
17,0.009445468022022396,113.0,19.0,0,2048,0,50,12345
18,0.009572128008585423,113.0,20.0,0,2048,0,50,12345
19,0.009763339010532945,115.0,22.0,0,2048,0,50,12345
20,0.009876706986688077,115.0,23.0,0,2048,0,50,12345
21,0.010173021990340203,115.0,24.0,0,2048,0,50,12345
22,0.010557261994108558,115.0,25.0,0,2048,0,50,12345
23,0.011199517000932246,115.0,26.0,0,2048,0,50,12345
24,0.011611261987127364,115.0,27.0,0,2048,0,50,12345
25,0.011947019025683403,115.0,28.0,0,2048,0,50,12345
26,0.01212265802314505,115.0,29.0,0,2048,0,50,12345
27,0.012266485020518303,115.0,30.0,0,2048,0,50,12345
28,0.012411142000928521,115.0,31.0,0,2048,0,50,12345
29,0.012675732024945319,115.0,32.0,0,2048,0,50,12345
30,0.012824876001104712,115.0,33.0,0,2048,0,50,12345
31,0.01302223902894184,116.0,35.0,0,2048,0,50,12345
32,0.01314187201205641,116.0,36.0,0,2048,0,50,12345
33,0.014681208995170891,116.0,37.0,0,2048,0,50,12345
34,0.014815772010479122,116.0,38.0,0,2048,0,50,12345
35,0.014935604005586356,116.0,39.0,0,2048,0,50,12345
36,0.015054767020046711,116.0,40.0,0,2048,0,50,12345
37,0.015172186016570777,116.0,41.0,0,2048,0,50,12345
38,0.015289509028661996,116.0,42.0,0,2048,0,50,12345
39,0.015406000020448118,116.0,43.0,0,2048,0,50,12345
40,0.015524023037869483,116.0,44.0,0,2048,0,50,12345
41,0.015642679994925857,116.0,45.0,0,2048,0,50,12345
42,0.015838197025004774,117.0,47.0,0,2048,0,50,12345
43,0.01595792901935056,117.0,48.0,0,2048,0,50,12345
44,0.016077194013632834,117.0,49.0,0,2048,0,50,12345
45,0.016195625998079777,117.0,50.0,0,2048,0,50,12345
46,0.016314545995555818,117.0,51.0,0,2048,0,50,12345
47,0.01643320801667869,117.0,52.0,0,2048,0,50,12345
48,0.01655237900558859,117.0,53.0,0,2048,0,50,12345
49,0.016672683996148407,117.0,54.0,0,2048,0,50,12345
50,0.01679334498476237,117.0,55.0,0,2048,0,50,12345
51,0.016913650033529848,117.0,56.0,0,2048,0,50,12345
52,0.01703386299777776,117.0,57.0,0,2048,0,50,12345
53,0.017154749017208815,117.0,58.0,0,2048,0,50,12345
54,0.01727536501130089,117.0,59.0,0,2048,0,50,12345
55,0.017395725997630507,117.0,60.0,0,2048,0,50,12345
56,0.01751695800339803,117.0,61.0,0,2048,0,50,12345
57,0.017638519988395274,117.0,62.0,0,2048,0,50,12345
58,0.017760378017555922,117.0,63.0,0,2048,0,50,12345
59,0.017882785003166646,117.0,64.0,0,2048,0,50,12345
60,0.01800531503977254,117.0,65.0,0,2048,0,50,12345
61,0.018127683026250452,117.0,66.0,0,2048,0,50,12345
62,0.01825103600276634,117.0,67.0,0,2048,0,50,12345
63,0.0185001990175806,117.0,68.0,0,2048,0,50,12345
64,0.0186786720296368,117.0,69.0,0,2048,0,50,12345
65,0.020868546038400382,117.0,70.0,0,2048,0,50,12345
66,0.02103527501458302,117.0,71.0,0,2048,0,50,12345
67,0.021253659040667117,118.0,73.0,0,2048,0,50,12345
68,0.021387905988376588,118.0,74.0,0,2048,0,50,12345
69,0.02151980804046616,118.0,75.0,0,2048,0,50,12345
70,0.02164999401429668,118.0,76.0,0,2048,0,50,12345
71,0.021879609033931047,119.0,78.0,0,2048,0,50,12345
72,0.02202919201226905,119.0,79.0,0,2048,0,50,12345
73,0.022158659005071968,119.0,80.0,0,2048,0,50,12345
74,0.02229375299066305,119.0,81.0,0,2048,0,50,12345
75,0.02242307603592053,119.0,82.0,0,2048,0,50,12345
76,0.022552278998773545,119.0,83.0,0,2048,0,50,12345
77,0.02268572204047814,119.0,84.0,0,2048,0,50,12345
78,0.02281554404180497,119.0,85.0,0,2048,0,50,12345
79,0.022945274016819894,119.0,86.0,0,2048,0,50,12345
80,0.023074552009347826,119.0,87.0,0,2048,0,50,12345
81,0.02320938400225714,119.0,88.0,0,2048,0,50,12345
82,0.023340259038377553,119.0,89.0,0,2048,0,50,12345
83,0.02347105200169608,119.0,90.0,0,2048,0,50,12345
84,0.023601910041179508,119.0,91.0,0,2048,0,50,12345
85,0.023807513993233442,120.0,93.0,0,2048,0,50,12345
86,0.02393960498739034,120.0,94.0,0,2048,0,50,12345
87,0.024072006985079497,120.0,95.0,0,2048,0,50,12345
88,0.024204807996284217,120.0,96.0,0,2048,0,50,12345
89,0.024337517039384693,120.0,97.0,0,2048,0,50,12345
90,0.024544304993469268,121.0,99.0,0,2048,0,50,12345
91,0.02467705198796466,121.0,100.0,0,2048,0,50,12345
92,0.024810458009596914,121.0,101.0,0,2048,0,50,12345
93,0.02494898799341172,121.0,102.0,0,2048,0,50,12345
94,0.025123569008428603,121.0,103.0,0,2048,0,50,12345
95,0.025276628031861037,121.0,104.0,0,2048,0,50,12345
96,0.025413427036255598,121.0,105.0,0,2048,0,50,12345
97,0.025549644022248685,121.0,106.0,0,2048,0,50,12345
98,0.025686459033749998,121.0,107.0,0,2048,0,50,12345
99,0.025822522991802543,121.0,108.0,0,2048,0,50,12345
100,0.025959808030165732,121.0,109.0,0,2048,0,50,12345
101,0.026097303023561835,121.0,110.0,0,2048,0,50,12345
102,0.026234660006593913,121.0,111.0,0,2048,0,50,12345
103,0.026383985008578748,121.0,112.0,0,2048,0,50,12345
104,0.02664275001734495,121.0,113.0,0,2048,0,50,12345
105,0.026899514021351933,121.0,114.0,0,2048,0,50,12345
106,0.027185146987903863,121.0,115.0,0,2048,0,50,12345
107,0.027461108984425664,121.0,116.0,0,2048,0,50,12345
108,0.027645480004139245,121.0,117.0,0,2048,0,50,12345
109,0.027928549039643258,121.0,118.0,0,2048,0,50,12345
110,0.028099890041630715,121.0,119.0,0,2048,0,50,12345
111,0.028246309026144445,121.0,120.0,0,2048,0,50,12345
112,0.028390148014295846,121.0,121.0,0,2048,0,50,12345
113,0.02853317599510774,121.0,122.0,0,2048,0,50,12345
114,0.028676207992248237,121.0,123.0,0,2048,0,50,12345
115,0.028819848026614636,121.0,124.0,0,2048,0,50,12345
116,0.02896275301463902,121.0,125.0,0,2048,0,50,12345
117,0.02910517802229151,121.0,126.0,0,2048,0,50,12345
118,0.029248420032672584,121.0,127.0,0,2048,0,50,12345
119,0.029391699004918337,121.0,128.0,0,2048,0,50,12345
120,0.029535004985518754,121.0,129.0,0,2048,0,50,12345
121,0.029678790015168488,121.0,130.0,0,2048,0,50,12345
122,0.029822468990460038,121.0,131.0,0,2048,0,50,12345
123,0.029966656991746277,121.0,132.0,0,2048,0,50,12345
124,0.03011112002423033,121.0,133.0,0,2048,0,50,12345
125,0.030256180034484714,121.0,134.0,0,2048,0,50,12345
126,0.030401994998101145,121.0,135.0,0,2048,0,50,12345
127,0.030551692994777113,121.0,136.0,0,2048,0,50,12345
128,0.030758979031816125,121.0,137.0,0,2048,0,50,12345
129,0.03263817902188748,121.0,138.0,0,2048,0,50,12345
130,0.03280649200314656,121.0,139.0,0,2048,0,50,12345
131,0.03295948798768222,121.0,140.0,0,2048,0,50,12345
132,0.03311022202251479,121.0,141.0,0,2048,0,50,12345
133,0.033260608033742756,121.0,142.0,0,2048,0,50,12345
134,0.03348703304072842,122.0,144.0,0,2048,0,50,12345
135,0.03363806998822838,122.0,145.0,0,2048,0,50,12345
136,0.03378868702566251,122.0,146.0,0,2048,0,50,12345
137,0.033938268024940044,122.0,147.0,0,2048,0,50,12345
138,0.03408853599103168,122.0,148.0,0,2048,0,50,12345
139,0.03423772699898109,122.0,149.0,0,2048,0,50,12345
140,0.03438793198438361,122.0,150.0,0,2048,0,50,12345
141,0.03453777398681268,122.0,151.0,0,2048,0,50,12345
142,0.03471208002883941,122.0,152.0,0,2048,0,50,12345
143,0.035013222019188106,122.0,153.0,0,2048,0,50,12345
144,0.03524920402560383,122.0,154.0,0,2048,0,50,12345
145,0.03552953200414777,122.0,155.0,0,2048,0,50,12345
146,0.03574307501548901,122.0,156.0,0,2048,0,50,12345
147,0.03591183200478554,122.0,157.0,0,2048,0,50,12345
148,0.036071192007511854,122.0,158.0,0,2048,0,50,12345
149,0.036229376040864736,122.0,159.0,0,2048,0,50,12345
150,0.03638608002802357,122.0,160.0,0,2048,0,50,12345
151,0.03661877498961985,123.0,162.0,0,2048,0,50,12345
0,0.00040728901512920856,206.0,0.0,0,2048,0,100,55
1,0.0027490759966894984,206.0,1.0,0,2048,0,100,55
2,0.004268546006642282,206.0,2.0,0,2048,0,100,55
3,0.005633833003230393,206.0,3.0,0,2048,0,100,55
4,0.005821381986606866,206.0,4.0,0,2048,0,100,55
5,0.00744895898969844,207.0,6.0,0,2048,0,100,55
6,0.007641203992534429,207.0,7.0,0,2048,0,100,55
7,0.00782579299993813,207.0,8.0,0,2048,0,100,55
8,0.007997777021955699,207.0,9.0,0,2048,0,100,55
9,0.010218428040388972,209.0,11.0,0,2048,0,100,55
10,0.01043843402294442,209.0,12.0,0,2048,0,100,55
11,0.010623617039527744,209.0,13.0,0,2048,0,100,55
12,0.010942744032945484,210.0,15.0,0,2048,0,100,55
13,0.01112115301657468,210.0,16.0,0,2048,0,100,55
14,0.011297143995761871,210.0,17.0,0,2048,0,100,55
15,0.011473092017695308,210.0,18.0,0,2048,0,100,55
16,0.011648660991340876,210.0,19.0,0,2048,0,100,55
17,0.013589169015176594,210.0,20.0,0,2048,0,100,55
18,0.013807784009259194,210.0,21.0,0,2048,0,100,55
19,0.014003950986079872,210.0,22.0,0,2048,0,100,55
20,0.01419948402326554,210.0,23.0,0,2048,0,100,55
21,0.014382719004061073,210.0,24.0,0,2048,0,100,55
22,0.014707305992487818,211.0,26.0,0,2048,0,100,55
23,0.01489734702045098,211.0,27.0,0,2048,0,100,55
24,0.015077939024195075,211.0,28.0,0,2048,0,100,55
25,0.015257958031725138,211.0,29.0,0,2048,0,100,55
26,0.015576292003970593,212.0,31.0,0,2048,0,100,55
27,0.015755500993691385,212.0,32.0,0,2048,0,100,55
28,0.016089029028080404,213.0,34.0,0,2048,0,100,55
29,0.016406978014856577,214.0,36.0,0,2048,0,100,55
30,0.016881447983905673,215.0,38.0,0,2048,0,100,55
31,0.017292948032263666,215.0,39.0,0,2048,0,100,55
32,0.0175646300194785,215.0,40.0,0,2048,0,100,55
33,0.019854723010212183,216.0,42.0,0,2048,0,100,55
34,0.02007590903667733,216.0,43.0,0,2048,0,100,55
35,0.020262912032194436,216.0,44.0,0,2048,0,100,55
36,0.020445907022804022,216.0,45.0,0,2048,0,100,55
37,0.020629579026717693,216.0,46.0,0,2048,0,100,55
38,0.02094966801814735,217.0,48.0,0,2048,0,100,55
39,0.021132779016625136,217.0,49.0,0,2048,0,100,55
40,0.021315121033694595,217.0,50.0,0,2048,0,100,55
41,0.021499658992979676,217.0,51.0,0,2048,0,100,55
42,0.021684000035747886,217.0,52.0,0,2048,0,100,55
43,0.022005461039952934,218.0,54.0,0,2048,0,100,55
44,0.022190332994796336,218.0,55.0,0,2048,0,100,55
45,0.02237498399335891,218.0,56.0,0,2048,0,100,55
46,0.02269717399030924,219.0,58.0,0,2048,0,100,55
47,0.022881840995978564,219.0,59.0,0,2048,0,100,55
48,0.023066746012773365,219.0,60.0,0,2048,0,100,55
49,0.02325257402844727,219.0,61.0,0,2048,0,100,55
50,0.023572308011353016,219.0,62.0,0,2048,0,100,55
51,0.023949314025230706,219.0,63.0,0,2048,0,100,55
52,0.024285816005431116,219.0,64.0,0,2048,0,100,55
53,0.024604800040833652,219.0,65.0,0,2048,0,100,55
54,0.024899478012230247,219.0,66.0,0,2048,0,100,55
55,0.02513664198340848,219.0,67.0,0,2048,0,100,55
56,0.02534277900122106,219.0,68.0,0,2048,0,100,55
57,0.025533193023875356,219.0,69.0,0,2048,0,100,55
58,0.025722724036313593,219.0,70.0,0,2048,0,100,55
59,0.025911311036907136,219.0,71.0,0,2048,0,100,55
60,0.026099606009665877,219.0,72.0,0,2048,0,100,55
61,0.026288069027941674,219.0,73.0,0,2048,0,100,55
62,0.026477213017642498,219.0,74.0,0,2048,0,100,55
63,0.026666456018574536,219.0,75.0,0,2048,0,100,55
64,0.02685700199799612,219.0,76.0,0,2048,0,100,55
65,0.029334357008337975,219.0,77.0,0,2048,0,100,55
66,0.029551159997936338,219.0,78.0,0,2048,0,100,55
67,0.029747452004812658,219.0,79.0,0,2048,0,100,55
68,0.02996718301437795,219.0,80.0,0,2048,0,100,55
69,0.030357010022271425,219.0,81.0,0,2048,0,100,55
70,0.030571949027944356,219.0,82.0,0,2048,0,100,55
71,0.03090811101719737,221.0,84.0,0,2048,0,100,55
72,0.031102993001695722,221.0,85.0,0,2048,0,100,55
73,0.031434521020855755,222.0,87.0,0,2048,0,100,55
74,0.031627683027181774,222.0,88.0,0,2048,0,100,55
75,0.03182188799837604,222.0,89.0,0,2048,0,100,55
76,0.032014631025958806,222.0,90.0,0,2048,0,100,55
77,0.03229846601607278,222.0,91.0,0,2048,0,100,55
78,0.032500608009286225,222.0,92.0,0,2048,0,100,55
79,0.03269705601269379,222.0,93.0,0,2048,0,100,55
80,0.03289040399249643,222.0,94.0,0,2048,0,100,55
81,0.033084677008446306,222.0,95.0,0,2048,0,100,55
82,0.0332789680105634,222.0,96.0,0,2048,0,100,55
83,0.03347499598748982,222.0,97.0,0,2048,0,100,55
84,0.03366954799275845,222.0,98.0,0,2048,0,100,55
85,0.03386568202404305,222.0,99.0,0,2048,0,100,55
86,0.0340610159910284,222.0,100.0,0,2048,0,100,55
87,0.03425737202633172,222.0,101.0,0,2048,0,100,55
88,0.034452544001396745,222.0,102.0,0,2048,0,100,55
89,0.03478647000156343,223.0,104.0,0,2048,0,100,55
90,0.0349840690032579,223.0,105.0,0,2048,0,100,55
91,0.03518239699769765,223.0,106.0,0,2048,0,100,55
92,0.03574957203818485,224.0,108.0,0,2048,0,100,55
93,0.03599560301518068,224.0,109.0,0,2048,0,100,55
94,0.03620538301765919,224.0,110.0,0,2048,0,100,55
95,0.036411272012628615,224.0,111.0,0,2048,0,100,55
96,0.03661463299067691,224.0,112.0,0,2048,0,100,55
97,0.036819856031797826,224.0,113.0,0,2048,0,100,55
98,0.037023353041149676,224.0,114.0,0,2048,0,100,55
99,0.037225648004096,224.0,115.0,0,2048,0,100,55
100,0.03745056199841201,224.0,116.0,0,2048,0,100,55
101,0.037681824003811926,224.0,117.0,0,2048,0,100,55
102,0.037884348013903946,224.0,118.0,0,2048,0,100,55
103,0.038086151995230466,224.0,119.0,0,2048,0,100,55
104,0.03829630900872871,224.0,120.0,0,2048,0,100,55
105,0.03849839902250096,224.0,121.0,0,2048,0,100,55
106,0.03870074200676754,224.0,122.0,0,2048,0,100,55
107,0.03890343400416896,224.0,123.0,0,2048,0,100,55
108,0.039106281008571386,224.0,124.0,0,2048,0,100,55
109,0.039313355984631926,224.0,125.0,0,2048,0,100,55
110,0.03951720800250769,224.0,126.0,0,2048,0,100,55
111,0.0397219990263693,224.0,127.0,0,2048,0,100,55
112,0.03992649103747681,224.0,128.0,0,2048,0,100,55
113,0.04019798804074526,224.0,129.0,0,2048,0,100,55
114,0.04042652400676161,224.0,130.0,0,2048,0,100,55
115,0.04063409601803869,224.0,131.0,0,2048,0,100,55
116,0.04084028402576223,224.0,132.0,0,2048,0,100,55
117,0.04104570799972862,224.0,133.0,0,2048,0,100,55
118,0.041251744027249515,224.0,134.0,0,2048,0,100,55
119,0.04145998402964324,224.0,135.0,0,2048,0,100,55
120,0.04172885400475934,224.0,136.0,0,2048,0,100,55
121,0.04194263200042769,224.0,137.0,0,2048,0,100,55
122,0.04215961403679103,224.0,138.0,0,2048,0,100,55
123,0.04236786701949313,224.0,139.0,0,2048,0,100,55
124,0.04257586901076138,224.0,140.0,0,2048,0,100,55
125,0.04278389603132382,224.0,141.0,0,2048,0,100,55
126,0.04299278900725767,224.0,142.0,0,2048,0,100,55
127,0.04320180101785809,224.0,143.0,0,2048,0,100,55
128,0.04341088799992576,224.0,144.0,0,2048,0,100,55
129,0.0453614360303618,224.0,145.0,0,2048,0,100,55
130,0.04559363203588873,224.0,146.0,0,2048,0,100,55
131,0.04581079998752102,224.0,147.0,0,2048,0,100,55
132,0.0460261240368709,224.0,148.0,0,2048,0,100,55
133,0.04624135000631213,224.0,149.0,0,2048,0,100,55
134,0.0464549430180341,224.0,150.0,0,2048,0,100,55
135,0.04666884301695973,224.0,151.0,0,2048,0,100,55
136,0.04688215599162504,224.0,152.0,0,2048,0,100,55
137,0.047096088994294405,224.0,153.0,0,2048,0,100,55
138,0.04735774302389473,224.0,154.0,0,2048,0,100,55
139,0.04758767003659159,224.0,155.0,0,2048,0,100,55
140,0.04780374403344467,224.0,156.0,0,2048,0,100,55
141,0.04801975400187075,224.0,157.0,0,2048,0,100,55
142,0.048302786017302424,224.0,158.0,0,2048,0,100,55
143,0.04853290400933474,224.0,159.0,0,2048,0,100,55
144,0.048750563990324736,224.0,160.0,0,2048,0,100,55
145,0.048968277988024056,224.0,161.0,0,2048,0,100,55
146,0.04918444302165881,224.0,162.0,0,2048,0,100,55
147,0.04954295000061393,225.0,164.0,0,2048,0,100,55
148,0.04976135300239548,225.0,165.0,0,2048,0,100,55
149,0.04998068104032427,225.0,166.0,0,2048,0,100,55
150,0.05019836901919916,225.0,167.0,0,2048,0,100,55
151,0.050415211997460574,225.0,168.0,0,2048,0,100,55
152,0.05063294403953478,225.0,169.0,0,2048,0,100,55
153,0.050859909038990736,225.0,170.0,0,2048,0,100,55
154,0.05107769003370777,225.0,171.0,0,2048,0,100,55
155,0.05130530701717362,225.0,172.0,0,2048,0,100,55
156,0.05152350303251296,225.0,173.0,0,2048,0,100,55
157,0.05175195698393509,225.0,174.0,0,2048,0,100,55
158,0.052061133028473705,225.0,175.0,0,2048,0,100,55
159,0.05240965000120923,225.0,176.0,0,2048,0,100,55
160,0.0526616059942171,225.0,177.0,0,2048,0,100,55
161,0.05289268301567063,225.0,178.0,0,2048,0,100,55
162,0.05311907600844279,225.0,179.0,0,2048,0,100,55
163,0.053344574000220746,225.0,180.0,0,2048,0,100,55
164,0.05356884701177478,225.0,181.0,0,2048,0,100,55
165,0.05379321699729189,225.0,182.0,0,2048,0,100,55
166,0.05401882802834734,225.0,183.0,0,2048,0,100,55
167,0.05424371600383893,225.0,184.0,0,2048,0,100,55
168,0.05446969601325691,225.0,185.0,0,2048,0,100,55
169,0.054694522987119853,225.0,186.0,0,2048,0,100,55
170,0.05492024903651327,225.0,187.0,0,2048,0,100,55
171,0.05515470600221306,225.0,188.0,0,2048,0,100,55
172,0.055379666038788855,225.0,189.0,0,2048,0,100,55
173,0.05562018899945542,225.0,190.0,0,2048,0,100,55
174,0.05584692204138264,225.0,191.0,0,2048,0,100,55
175,0.05607358901761472,225.0,192.0,0,2048,0,100,55
176,0.05630021699471399,225.0,193.0,0,2048,0,100,55
177,0.05652724200626835,225.0,194.0,0,2048,0,100,55
178,0.0567542280186899,225.0,195.0,0,2048,0,100,55
179,0.05698306899284944,225.0,196.0,0,2048,0,100,55
180,0.05721068399725482,225.0,197.0,0,2048,0,100,55
181,0.057438836025539786,225.0,198.0,0,2048,0,100,55
182,0.05768612999236211,225.0,199.0,0,2048,0,100,55
183,0.05792915599886328,225.0,200.0,0,2048,0,100,55
184,0.05815940402681008,225.0,201.0,0,2048,0,100,55
185,0.05838841700460762,225.0,202.0,0,2048,0,100,55
186,0.05861917801667005,225.0,203.0,0,2048,0,100,55
187,0.058849617023952305,225.0,204.0,0,2048,0,100,55
188,0.05910926801152527,225.0,205.0,0,2048,0,100,55
189,0.05936441803351045,225.0,206.0,0,2048,0,100,55
190,0.05959888198412955,225.0,207.0,0,2048,0,100,55
191,0.059830970014445484,225.0,208.0,0,2048,0,100,55
192,0.06006373598938808,225.0,209.0,0,2048,0,100,55
193,0.060296690033283085,225.0,210.0,0,2048,0,100,55
194,0.060531124006956816,225.0,211.0,0,2048,0,100,55
195,0.06076454202411696,225.0,212.0,0,2048,0,100,55
196,0.06099702703068033,225.0,213.0,0,2048,0,100,55
197,0.06123034900519997,225.0,214.0,0,2048,0,100,55
198,0.06146345799788833,225.0,215.0,0,2048,0,100,55
199,0.06170622102217749,225.0,216.0,0,2048,0,100,55
200,0.0619492870173417,225.0,217.0,0,2048,0,100,55
201,0.06218488299055025,225.0,218.0,0,2048,0,100,55
202,0.06255897699156776,226.0,220.0,0,2048,0,100,55
203,0.06279486400308087,226.0,221.0,0,2048,0,100,55
204,0.0630305940285325,226.0,222.0,0,2048,0,100,55
205,0.06326581601751968,226.0,223.0,0,2048,0,100,55
206,0.06350203300826252,226.0,224.0,0,2048,0,100,55
207,0.06373825098853558,226.0,225.0,0,2048,0,100,55
208,0.06397473398828879,226.0,226.0,0,2048,0,100,55
209,0.0642201520386152,226.0,227.0,0,2048,0,100,55
210,0.06445706600788981,226.0,228.0,0,2048,0,100,55
211,0.0647373259998858,226.0,229.0,0,2048,0,100,55
212,0.06498512701364234,226.0,230.0,0,2048,0,100,55
213,0.06522442901041359,226.0,231.0,0,2048,0,100,55
214,0.06546345999231562,226.0,232.0,0,2048,0,100,55
215,0.06574714800808579,226.0,233.0,0,2048,0,100,55
216,0.06630930601386353,226.0,234.0,0,2048,0,100,55
217,0.06680966803105548,226.0,235.0,0,2048,0,100,55
218,0.0676377440104261,226.0,236.0,0,2048,0,100,55
219,0.06797686702338979,226.0,237.0,0,2048,0,100,55
220,0.06823958799941465,226.0,238.0,0,2048,0,100,55
221,0.06848465703660622,226.0,239.0,0,2048,0,100,55
222,0.06872808904154226,226.0,240.0,0,2048,0,100,55
223,0.0689699089853093,226.0,241.0,0,2048,0,100,55
224,0.06925893801962957,226.0,242.0,0,2048,0,100,55
225,0.06952870398527011,226.0,243.0,0,2048,0,100,55
226,0.06977576698409393,226.0,244.0,0,2048,0,100,55
227,0.07006643299246207,226.0,245.0,0,2048,0,100,55
228,0.07038668100722134,226.0,246.0,0,2048,0,100,55
229,0.07064624200575054,226.0,247.0,0,2048,0,100,55
230,0.07089418999385089,226.0,248.0,0,2048,0,100,55
231,0.07114173599984497,226.0,249.0,0,2048,0,100,55
232,0.07138741400558501,226.0,250.0,0,2048,0,100,55
233,0.07163800299167633,226.0,251.0,0,2048,0,100,55
234,0.07188429200323299,226.0,252.0,0,2048,0,100,55
235,0.07212991401320323,226.0,253.0,0,2048,0,100,55
236,0.07237539900233969,226.0,254.0,0,2048,0,100,55
237,0.072621280036401,226.0,255.0,0,2048,0,100,55
238,0.0728673730045557,226.0,256.0,0,2048,0,100,55
239,0.0731159060378559,226.0,257.0,0,2048,0,100,55
240,0.07336247200146317,226.0,258.0,0,2048,0,100,55
241,0.07361063902499154,226.0,259.0,0,2048,0,100,55
242,0.07385811902349815,226.0,260.0,0,2048,0,100,55
243,0.07410622999304906,226.0,261.0,0,2048,0,100,55
244,0.07435459998669103,226.0,262.0,0,2048,0,100,55
245,0.07460315601201728,226.0,263.0,0,2048,0,100,55
246,0.07485183601966128,226.0,264.0,0,2048,0,100,55
247,0.07510173303307965,226.0,265.0,0,2048,0,100,55
248,0.07535175600787625,226.0,266.0,0,2048,0,100,55
249,0.07560207700589672,226.0,267.0,0,2048,0,100,55
250,0.07585280301282182,226.0,268.0,0,2048,0,100,55
251,0.07610271399607882,226.0,269.0,0,2048,0,100,55
252,0.07639420701889321,226.0,270.0,0,2048,0,100,55
253,0.07667279202723876,226.0,271.0,0,2048,0,100,55
254,0.0769279359956272,226.0,272.0,0,2048,0,100,55
255,0.07718954898882657,226.0,273.0,0,2048,0,100,55
256,0.07744224299676716,226.0,274.0,0,2048,0,100,55
257,0.07974680402548984,226.0,275.0,0,2048,0,100,55
258,0.08002314198529348,226.0,276.0,0,2048,0,100,55
259,0.08028379798633978,226.0,277.0,0,2048,0,100,55
260,0.08054110902594402,226.0,278.0,0,2048,0,100,55
261,0.08079677599016577,226.0,279.0,0,2048,0,100,55
262,0.08105342899216339,226.0,280.0,0,2048,0,100,55
263,0.08130977203836665,226.0,281.0,0,2048,0,100,55
264,0.08156619098735973,226.0,282.0,0,2048,0,100,55
265,0.08182239800225943,226.0,283.0,0,2048,0,100,55
266,0.08212046703556553,226.0,284.0,0,2048,0,100,55
267,0.08239775901893154,226.0,285.0,0,2048,0,100,55
268,0.08265711402054876,226.0,286.0,0,2048,0,100,55
269,0.08291601203382015,226.0,287.0,0,2048,0,100,55
270,0.08317558298585936,226.0,288.0,0,2048,0,100,55
271,0.08343404799234122,226.0,289.0,0,2048,0,100,55
272,0.08369297604076564,226.0,290.0,0,2048,0,100,55
273,0.08395111199934036,226.0,291.0,0,2048,0,100,55
274,0.08421917399391532,226.0,292.0,0,2048,0,100,55
275,0.08447704702848569,226.0,293.0,0,2048,0,100,55
276,0.08473572100047022,226.0,294.0,0,2048,0,100,55
277,0.08499530202243477,226.0,295.0,0,2048,0,100,55
278,0.08526423899456859,226.0,296.0,0,2048,0,100,55
279,0.0856705559999682,226.0,297.0,0,2048,0,100,55
280,0.08597231400199234,226.0,298.0,0,2048,0,100,55
281,0.08624227601103485,226.0,299.0,0,2048,0,100,55
282,0.08650695200776681,226.0,300.0,0,2048,0,100,55
283,0.08677102898946032,226.0,301.0,0,2048,0,100,55
284,0.08703610999509692,226.0,302.0,0,2048,0,100,55
285,0.08729971799766645,226.0,303.0,0,2048,0,100,55
286,0.08757269202033058,226.0,304.0,0,2048,0,100,55
287,0.08789425203576684,226.0,305.0,0,2048,0,100,55
288,0.08821432699915022,226.0,306.0,0,2048,0,100,55
289,0.08849234302761033,226.0,307.0,0,2048,0,100,55
290,0.08875903103034943,226.0,308.0,0,2048,0,100,55
291,0.08902423700783402,226.0,309.0,0,2048,0,100,55
292,0.08929024403914809,226.0,310.0,0,2048,0,100,55
293,0.0895648819860071,226.0,311.0,0,2048,0,100,55
294,0.0898303110152483,226.0,312.0,0,2048,0,100,55
295,0.09009635698748752,226.0,313.0,0,2048,0,100,55
296,0.09037176100537181,226.0,314.0,0,2048,0,100,55
297,0.0906469440087676,226.0,315.0,0,2048,0,100,55
298,0.0909132279921323,226.0,316.0,0,2048,0,100,55
299,0.091188783000689,226.0,317.0,0,2048,0,100,55
300,0.09146483201766387,226.0,318.0,0,2048,0,100,55
301,0.09174111700849608,226.0,319.0,0,2048,0,100,55
302,0.09201761201256886,226.0,320.0,0,2048,0,100,55
303,0.09229715802939609,226.0,321.0,0,2048,0,100,55
304,0.09256628801813349,226.0,322.0,0,2048,0,100,55
305,0.09283313201740384,226.0,323.0,0,2048,0,100,55
306,0.09310476703103632,226.0,324.0,0,2048,0,100,55
307,0.0933737910236232,226.0,325.0,0,2048,0,100,55
308,0.09368960402207449,226.0,326.0,0,2048,0,100,55
309,0.09400897700106725,226.0,327.0,0,2048,0,100,55
310,0.09429226903012022,226.0,328.0,0,2048,0,100,55
311,0.09456736198626459,226.0,329.0,0,2048,0,100,55
312,0.09483982803067192,226.0,330.0,0,2048,0,100,55
313,0.09511218802072108,226.0,331.0,0,2048,0,100,55
314,0.0953846630291082,226.0,332.0,0,2048,0,100,55
315,0.09565774298971519,226.0,333.0,0,2048,0,100,55
316,0.09593051200499758,226.0,334.0,0,2048,0,100,55
317,0.09620283002732322,226.0,335.0,0,2048,0,100,55
318,0.09647606703219935,226.0,336.0,0,2048,0,100,55
319,0.09674841200467199,226.0,337.0,0,2048,0,100,55
320,0.09702256298623979,226.0,338.0,0,2048,0,100,55
321,0.09729600901482627,226.0,339.0,0,2048,0,100,55
322,0.09757144399918616,226.0,340.0,0,2048,0,100,55
323,0.09784491203026846,226.0,341.0,0,2048,0,100,55
324,0.09811916900798678,226.0,342.0,0,2048,0,100,55
325,0.09839406900573522,226.0,343.0,0,2048,0,100,55
326,0.09866883099311963,226.0,344.0,0,2048,0,100,55
327,0.09894381102640182,226.0,345.0,0,2048,0,100,55
328,0.09921957598999143,226.0,346.0,0,2048,0,100,55
329,0.0995508559863083,226.0,347.0,0,2048,0,100,55
330,0.09986960398964584,226.0,348.0,0,2048,0,100,55
331,0.10015853203367442,226.0,349.0,0,2048,0,100,55
332,0.10044947103597224,226.0,350.0,0,2048,0,100,55
333,0.10073854302754626,226.0,351.0,0,2048,0,100,55
334,0.10101722902618349,226.0,352.0,0,2048,0,100,55
335,0.10129642899846658,226.0,353.0,0,2048,0,100,55
336,0.10160868003731593,226.0,354.0,0,2048,0,100,55
337,0.10193290800089017,226.0,355.0,0,2048,0,100,55
338,0.1022208760259673,226.0,356.0,0,2048,0,100,55
339,0.10250242601614445,226.0,357.0,0,2048,0,100,55
340,0.10279324802104384,226.0,358.0,0,2048,0,100,55
341,0.10313077102182433,226.0,359.0,0,2048,0,100,55
342,0.10342784703243524,226.0,360.0,0,2048,0,100,55
343,0.1037134260404855,226.0,361.0,0,2048,0,100,55
344,0.1040059890365228,226.0,362.0,0,2048,0,100,55
345,0.10428778303321451,226.0,363.0,0,2048,0,100,55
346,0.1045790680218488,226.0,364.0,0,2048,0,100,55
347,0.10487080301390961,226.0,365.0,0,2048,0,100,55
348,0.10516338603338227,226.0,366.0,0,2048,0,100,55
349,0.10549490200355649,226.0,367.0,0,2048,0,100,55
350,0.10579820699058473,226.0,368.0,0,2048,0,100,55
351,0.10608491901075467,226.0,369.0,0,2048,0,100,55
352,0.10637107898946851,226.0,370.0,0,2048,0,100,55
353,0.10666069103172049,226.0,371.0,0,2048,0,100,55
354,0.10694728302769363,226.0,372.0,0,2048,0,100,55
355,0.10723237600177526,226.0,373.0,0,2048,0,100,55
356,0.10751703602727503,226.0,374.0,0,2048,0,100,55
357,0.1078026529867202,226.0,375.0,0,2048,0,100,55
358,0.10808796103810892,226.0,376.0,0,2048,0,100,55
359,0.10837459401227534,226.0,377.0,0,2048,0,100,55
360,0.10866125603206456,226.0,378.0,0,2048,0,100,55
361,0.10895716800587252,226.0,379.0,0,2048,0,100,55
362,0.10924294200958684,226.0,380.0,0,2048,0,100,55
363,0.10952968703350052,226.0,381.0,0,2048,0,100,55
364,0.10981735901441425,226.0,382.0,0,2048,0,100,55
365,0.11025613103993237,227.0,384.0,0,2048,0,100,55
366,0.11054443003376946,227.0,385.0,0,2048,0,100,55
367,0.11083318601595238,227.0,386.0,0,2048,0,100,55
368,0.11116695700911805,227.0,387.0,0,2048,0,100,55
369,0.11147524102125317,227.0,388.0,0,2048,0,100,55
370,0.11176703800447285,227.0,389.0,0,2048,0,100,55
371,0.11205791699467227,227.0,390.0,0,2048,0,100,55
372,0.1123476400389336,227.0,391.0,0,2048,0,100,55
373,0.11263867298839614,227.0,392.0,0,2048,0,100,55
374,0.11292877001687884,227.0,393.0,0,2048,0,100,55
375,0.11321989400312304,227.0,394.0,0,2048,0,100,55
376,0.11351096100406721,227.0,395.0,0,2048,0,100,55
377,0.1138029060093686,227.0,396.0,0,2048,0,100,55
378,0.11409476201515645,227.0,397.0,0,2048,0,100,55
379,0.11438729200745001,227.0,398.0,0,2048,0,100,55
380,0.11467856203671545,227.0,399.0,0,2048,0,100,55
381,0.1149759580148384,227.0,400.0,0,2048,0,100,55
382,0.11526820599101484,227.0,401.0,0,2048,0,100,55
383,0.1155658740317449,227.0,402.0,0,2048,0,100,55
384,0.11599850602215156,228.0,404.0,0,2048,0,100,55
385,0.11629425000865012,228.0,405.0,0,2048,0,100,55
386,0.11658886703662574,228.0,406.0,0,2048,0,100,55
387,0.11690860101953149,228.0,407.0,0,2048,0,100,55
388,0.11721359600778669,228.0,408.0,0,2048,0,100,55
389,0.11752078903373331,228.0,409.0,0,2048,0,100,55
390,0.11781776999123394,228.0,410.0,0,2048,0,100,55
391,0.11811564903473482,228.0,411.0,0,2048,0,100,55
392,0.11841206403914839,228.0,412.0,0,2048,0,100,55
393,0.11871016200166196,228.0,413.0,0,2048,0,100,55
394,0.11912800703430548,228.0,414.0,0,2048,0,100,55
395,0.11946793703828007,228.0,415.0,0,2048,0,100,55
396,0.11977753799874336,228.0,416.0,0,2048,0,100,55
397,0.12008254899410531,228.0,417.0,0,2048,0,100,55
398,0.12038467399543151,228.0,418.0,0,2048,0,100,55
399,0.12068771303165704,228.0,419.0,0,2048,0,100,55
400,0.12098979600705206,228.0,420.0,0,2048,0,100,55
401,0.1212953930371441,228.0,421.0,0,2048,0,100,55
402,0.12159680901095271,228.0,422.0,0,2048,0,100,55
403,0.12189965404104441,228.0,423.0,0,2048,0,100,55
404,0.12220093602081761,228.0,424.0,0,2048,0,100,55
405,0.12250371201662347,228.0,425.0,0,2048,0,100,55
406,0.12286515202140436,228.0,426.0,0,2048,0,100,55
407,0.1233255360275507,229.0,428.0,0,2048,0,100,55
408,0.12363221601117402,229.0,429.0,0,2048,0,100,55
409,0.12393745902227238,229.0,430.0,0,2048,0,100,55
410,0.1242414620355703,229.0,431.0,0,2048,0,100,55
411,0.12454769801115617,229.0,432.0,0,2048,0,100,55
412,0.12485122203361243,229.0,433.0,0,2048,0,100,55
413,0.12516586703713983,229.0,434.0,0,2048,0,100,55
414,0.1255119330016896,229.0,435.0,0,2048,0,100,55
415,0.12589427700731903,229.0,436.0,0,2048,0,100,55
416,0.12621775100706145,229.0,437.0,0,2048,0,100,55
417,0.12653110903920606,229.0,438.0,0,2048,0,100,55
418,0.12684173602610826,229.0,439.0,0,2048,0,100,55
419,0.1271543400362134,229.0,440.0,0,2048,0,100,55
420,0.12746134400367737,229.0,441.0,0,2048,0,100,55
421,0.12776910798856989,229.0,442.0,0,2048,0,100,55
422,0.12807589303702116,229.0,443.0,0,2048,0,100,55
423,0.12838399200700223,229.0,444.0,0,2048,0,100,55
424,0.12881606601877138,229.0,445.0,0,2048,0,100,55
425,0.12915856001200154,229.0,446.0,0,2048,0,100,55
426,0.1294707430060953,229.0,447.0,0,2048,0,100,55
427,0.1297820270410739,229.0,448.0,0,2048,0,100,55
428,0.13009152602171525,229.0,449.0,0,2048,0,100,55
429,0.1304019190138206,229.0,450.0,0,2048,0,100,55
430,0.13071123702684417,229.0,451.0,0,2048,0,100,55
431,0.13102175301173702,229.0,452.0,0,2048,0,100,55
432,0.13133207702776417,229.0,453.0,0,2048,0,100,55
433,0.1316434140317142,229.0,454.0,0,2048,0,100,55
434,0.13195453403750435,229.0,455.0,0,2048,0,100,55
435,0.1322658570134081,229.0,456.0,0,2048,0,100,55
436,0.13257749401964247,229.0,457.0,0,2048,0,100,55
437,0.13288847199874,229.0,458.0,0,2048,0,100,55
438,0.1332006790325977,229.0,459.0,0,2048,0,100,55
439,0.13351302599767223,229.0,460.0,0,2048,0,100,55
440,0.13382570998510346,229.0,461.0,0,2048,0,100,55
441,0.13413863303139806,229.0,462.0,0,2048,0,100,55
442,0.13464665098581463,229.0,463.0,0,2048,0,100,55
443,0.1350272360141389,229.0,464.0,0,2048,0,100,55
444,0.13536023203050718,229.0,465.0,0,2048,0,100,55
445,0.13568301900522783,229.0,466.0,0,2048,0,100,55
446,0.13604293600656092,229.0,467.0,0,2048,0,100,55
447,0.13637742400169373,229.0,468.0,0,2048,0,100,55
448,0.1366991840186529,229.0,469.0,0,2048,0,100,55
449,0.1370190960005857,229.0,470.0,0,2048,0,100,55
450,0.13733778899768367,229.0,471.0,0,2048,0,100,55
451,0.13765697600319982,229.0,472.0,0,2048,0,100,55
452,0.1379756029928103,229.0,473.0,0,2048,0,100,55
453,0.13829419302055612,229.0,474.0,0,2048,0,100,55
454,0.1386282590101473,229.0,475.0,0,2048,0,100,55
455,0.13897236803313717,229.0,476.0,0,2048,0,100,55
456,0.1392918030032888,229.0,477.0,0,2048,0,100,55
457,0.13961595302680507,229.0,478.0,0,2048,0,100,55
458,0.1399352690204978,229.0,479.0,0,2048,0,100,55
459,0.1403094960260205,229.0,480.0,0,2048,0,100,55
460,0.1406448230263777,229.0,481.0,0,2048,0,100,55
461,0.14096657402114943,229.0,482.0,0,2048,0,100,55
462,0.14128610002808273,229.0,483.0,0,2048,0,100,55
463,0.14160693302983418,229.0,484.0,0,2048,0,100,55
464,0.14192700298735872,229.0,485.0,0,2048,0,100,55
465,0.14224697998724878,229.0,486.0,0,2048,0,100,55
466,0.1425668240408413,229.0,487.0,0,2048,0,100,55
467,0.14288832602323964,229.0,488.0,0,2048,0,100,55
468,0.14329864998580888,229.0,489.0,0,2048,0,100,55
469,0.1437845270265825,229.0,490.0,0,2048,0,100,55
470,0.1441957270144485,229.0,491.0,0,2048,0,100,55
471,0.14458061201730743,229.0,492.0,0,2048,0,100,55
472,0.14495379000436515,229.0,493.0,0,2048,0,100,55
473,0.1454109640326351,229.0,494.0,0,2048,0,100,55
474,0.14605612703599036,229.0,495.0,0,2048,0,100,55
475,0.14662771200528368,229.0,496.0,0,2048,0,100,55
476,0.14707457000622526,229.0,497.0,0,2048,0,100,55
477,0.14743492199340835,229.0,498.0,0,2048,0,100,55
478,0.14777382399188355,229.0,499.0,0,2048,0,100,55
479,0.14811028400436044,229.0,500.0,0,2048,0,100,55
480,0.14844221202656627,229.0,501.0,0,2048,0,100,55
481,0.14879154099617153,229.0,502.0,0,2048,0,100,55
482,0.1491366610280238,229.0,503.0,0,2048,0,100,55
483,0.1494655259884894,229.0,504.0,0,2048,0,100,55
484,0.1497928540338762,229.0,505.0,0,2048,0,100,55
485,0.1501200629863888,229.0,506.0,0,2048,0,100,55
486,0.15044753899564967,229.0,507.0,0,2048,0,100,55
487,0.15077647101134062,229.0,508.0,0,2048,0,100,55
488,0.15110516402637586,229.0,509.0,0,2048,0,100,55
489,0.15143462002743036,229.0,510.0,0,2048,0,100,55
490,0.15176389302359894,229.0,511.0,0,2048,0,100,55
491,0.1523056260193698,229.0,512.0,0,2048,0,100,55
492,0.15270524402149022,229.0,513.0,0,2048,0,100,55
493,0.1530596900265664,229.0,514.0,0,2048,0,100,55
494,0.1534038520185277,229.0,515.0,0,2048,0,100,55
495,0.1537519469857216,229.0,516.0,0,2048,0,100,55
496,0.15408823202596977,229.0,517.0,0,2048,0,100,55
497,0.1544235100154765,229.0,518.0,0,2048,0,100,55
498,0.154940087988507,229.0,519.0,0,2048,0,100,55
499,0.15554575802525505,229.0,520.0,0,2048,0,100,55
500,0.15596706699579954,229.0,521.0,0,2048,0,100,55
501,0.1563223170232959,229.0,522.0,0,2048,0,100,55
502,0.15667145600309595,229.0,523.0,0,2048,0,100,55
503,0.15701830299803987,229.0,524.0,0,2048,0,100,55
504,0.1573753590346314,229.0,525.0,0,2048,0,100,55
505,0.1578297970118001,229.0,526.0,0,2048,0,100,55
506,0.15821547398809344,229.0,527.0,0,2048,0,100,55
507,0.15856775699649006,229.0,528.0,0,2048,0,100,55
508,0.15893104200949892,229.0,529.0,0,2048,0,100,55
509,0.15929408703232184,229.0,530.0,0,2048,0,100,55
510,0.1596314639900811,229.0,531.0,0,2048,0,100,55
511,0.15996812103549019,229.0,532.0,0,2048,0,100,55
512,0.1603048020042479,229.0,533.0,0,2048,0,100,55
513,0.16411618003621697,229.0,534.0,0,2048,0,100,55
514,0.16455512103857473,229.0,535.0,0,2048,0,100,55
515,0.16494379099458456,229.0,536.0,0,2048,0,100,55
516,0.1653206620248966,229.0,537.0,0,2048,0,100,55
517,0.16568030300550163,229.0,538.0,0,2048,0,100,55
518,0.16603386803762987,229.0,539.0,0,2048,0,100,55
519,0.16653056000359356,230.0,541.0,0,2048,0,100,55
0,0.0004197799717076123,210.0,0.0,0,2048,0,100,888
1,0.002067322959192097,210.0,1.0,0,2048,0,100,888
2,0.003797143988776952,212.0,3.0,0,2048,0,100,888
3,0.005856597970705479,213.0,5.0,0,2048,0,100,888
4,0.006245199998375028,214.0,7.0,0,2048,0,100,888
5,0.007793989963829517,214.0,8.0,0,2048,0,100,888
6,0.007982397975865752,214.0,9.0,0,2048,0,100,888
7,0.008294989995192736,216.0,11.0,0,2048,0,100,888
8,0.008467514009680599,216.0,12.0,0,2048,0,100,888
9,0.009842737985309213,216.0,13.0,0,2048,0,100,888
10,0.010030212986748666,216.0,14.0,0,2048,0,100,888
11,0.01034504099516198,217.0,16.0,0,2048,0,100,888
12,0.01051952299894765,217.0,17.0,0,2048,0,100,888
13,0.010692763957194984,217.0,18.0,0,2048,0,100,888
14,0.010865604970604181,217.0,19.0,0,2048,0,100,888
15,0.011038116994313896,217.0,20.0,0,2048,0,100,888
16,0.011211416975129396,217.0,21.0,0,2048,0,100,888
17,0.013338899007067084,217.0,22.0,0,2048,0,100,888
18,0.013788656971883029,217.0,23.0,0,2048,0,100,888
19,0.014117118960712105,217.0,24.0,0,2048,0,100,888
20,0.014654200000222772,217.0,25.0,0,2048,0,100,888
21,0.014949386997614056,217.0,26.0,0,2048,0,100,888
22,0.015152426960412413,217.0,27.0,0,2048,0,100,888
23,0.0154757039854303,218.0,29.0,0,2048,0,100,888
24,0.01565605995710939,218.0,30.0,0,2048,0,100,888
25,0.015839303960092366,218.0,31.0,0,2048,0,100,888
26,0.016018933965824544,218.0,32.0,0,2048,0,100,888
27,0.016201716964133084,218.0,33.0,0,2048,0,100,888
28,0.01638100401032716,218.0,34.0,0,2048,0,100,888
29,0.016558446979615837,218.0,35.0,0,2048,0,100,888
30,0.016737403988372535,218.0,36.0,0,2048,0,100,888
31,0.016915143001824617,218.0,37.0,0,2048,0,100,888
32,0.017094236973207444,218.0,38.0,0,2048,0,100,888
33,0.01887252798769623,218.0,39.0,0,2048,0,100,888
34,0.01908760698279366,218.0,40.0,0,2048,0,100,888
35,0.019280968001112342,218.0,41.0,0,2048,0,100,888
36,0.01946943998336792,218.0,42.0,0,2048,0,100,888
37,0.019657197990454733,218.0,43.0,0,2048,0,100,888
38,0.019842738984152675,218.0,44.0,0,2048,0,100,888
39,0.02002813300350681,218.0,45.0,0,2048,0,100,888
40,0.020213660958688706,218.0,46.0,0,2048,0,100,888
41,0.02054102497640997,219.0,48.0,0,2048,0,100,888
42,0.02104822697583586,220.0,50.0,0,2048,0,100,888
43,0.021341434970963746,220.0,51.0,0,2048,0,100,888
44,0.021910098963417113,221.0,53.0,0,2048,0,100,888
45,0.022240516962483525,221.0,54.0,0,2048,0,100,888
46,0.02254311495926231,221.0,55.0,0,2048,0,100,888
47,0.022760743973776698,221.0,56.0,0,2048,0,100,888
48,0.022960270987823606,221.0,57.0,0,2048,0,100,888
49,0.023156289011240005,221.0,58.0,0,2048,0,100,888
50,0.023490638006478548,222.0,60.0,0,2048,0,100,888
51,0.023682623985223472,222.0,61.0,0,2048,0,100,888
52,0.02387189300497994,222.0,62.0,0,2048,0,100,888
53,0.024070387007668614,222.0,63.0,0,2048,0,100,888
54,0.024458603002130985,223.0,65.0,0,2048,0,100,888
55,0.024657158995978534,223.0,66.0,0,2048,0,100,888
56,0.024846716958563775,223.0,67.0,0,2048,0,100,888
57,0.025034877005964518,223.0,68.0,0,2048,0,100,888
58,0.025223008007742465,223.0,69.0,0,2048,0,100,888
59,0.02541108097648248,223.0,70.0,0,2048,0,100,888
60,0.025600286957342178,223.0,71.0,0,2048,0,100,888
61,0.025788609986193478,223.0,72.0,0,2048,0,100,888
62,0.0259770950069651,223.0,73.0,0,2048,0,100,888
63,0.0263025049935095,224.0,75.0,0,2048,0,100,888
64,0.026493429963011295,224.0,76.0,0,2048,0,100,888
65,0.029096078011207283,225.0,78.0,0,2048,0,100,888
66,0.031910224992316216,225.0,79.0,0,2048,0,100,888
67,0.03219235298456624,225.0,80.0,0,2048,0,100,888
68,0.032420797972008586,225.0,81.0,0,2048,0,100,888
69,0.03263691096799448,225.0,82.0,0,2048,0,100,888
70,0.032849271956365556,225.0,83.0,0,2048,0,100,888
71,0.03305690496927127,225.0,84.0,0,2048,0,100,888
72,0.033275572990532964,225.0,85.0,0,2048,0,100,888
73,0.03348427696619183,225.0,86.0,0,2048,0,100,888
74,0.033691354969050735,225.0,87.0,0,2048,0,100,888
75,0.03389942098874599,225.0,88.0,0,2048,0,100,888
76,0.03429481800412759,225.0,89.0,0,2048,0,100,888
77,0.03455659496830776,225.0,90.0,0,2048,0,100,888
78,0.03497901395894587,225.0,91.0,0,2048,0,100,888
79,0.03530297998804599,225.0,92.0,0,2048,0,100,888
80,0.03572400700068101,225.0,93.0,0,2048,0,100,888
81,0.035983559966553,225.0,94.0,0,2048,0,100,888
82,0.036263928981497884,225.0,95.0,0,2048,0,100,888
83,0.0365120799979195,225.0,96.0,0,2048,0,100,888
84,0.03685014200164005,225.0,97.0,0,2048,0,100,888
85,0.037705400958657265,225.0,98.0,0,2048,0,100,888
86,0.038560114975553006,225.0,99.0,0,2048,0,100,888
87,0.038942801009397954,225.0,100.0,0,2048,0,100,888
88,0.039266503998078406,225.0,101.0,0,2048,0,100,888
89,0.039504037995357066,225.0,102.0,0,2048,0,100,888
90,0.039716153987683356,225.0,103.0,0,2048,0,100,888
91,0.03992368496255949,225.0,104.0,0,2048,0,100,888
92,0.04012853995664045,225.0,105.0,0,2048,0,100,888
93,0.040335226978641,225.0,106.0,0,2048,0,100,888
94,0.04054706497117877,225.0,107.0,0,2048,0,100,888
95,0.04088916699402034,227.0,109.0,0,2048,0,100,888
96,0.04109209799207747,227.0,110.0,0,2048,0,100,888
97,0.04129498195834458,227.0,111.0,0,2048,0,100,888
98,0.04154721298255026,227.0,112.0,0,2048,0,100,888
99,0.04176948399981484,227.0,113.0,0,2048,0,100,888
100,0.04207142296945676,227.0,114.0,0,2048,0,100,888
101,0.04246111697284505,227.0,115.0,0,2048,0,100,888
102,0.04275514296023175,227.0,116.0,0,2048,0,100,888
103,0.04298026696778834,227.0,117.0,0,2048,0,100,888
104,0.04319349199067801,227.0,118.0,0,2048,0,100,888
105,0.04340239299926907,227.0,119.0,0,2048,0,100,888
106,0.04361023398814723,227.0,120.0,0,2048,0,100,888
107,0.04381588497199118,227.0,121.0,0,2048,0,100,888
108,0.04402275400934741,227.0,122.0,0,2048,0,100,888
109,0.044232564978301525,227.0,123.0,0,2048,0,100,888
110,0.044439604971557856,227.0,124.0,0,2048,0,100,888
111,0.04464595497120172,227.0,125.0,0,2048,0,100,888
112,0.044853977975435555,227.0,126.0,0,2048,0,100,888
113,0.04566172801423818,228.0,128.0,0,2048,0,100,888
114,0.04778264998458326,228.0,129.0,0,2048,0,100,888
115,0.04809582798043266,228.0,130.0,0,2048,0,100,888
116,0.04831660399213433,228.0,131.0,0,2048,0,100,888
117,0.048528651997912675,228.0,132.0,0,2048,0,100,888
118,0.04873900901293382,228.0,133.0,0,2048,0,100,888
119,0.04894849198171869,228.0,134.0,0,2048,0,100,888
120,0.04915947699919343,228.0,135.0,0,2048,0,100,888
121,0.049376980983652174,228.0,136.0,0,2048,0,100,888
122,0.04958834097487852,228.0,137.0,0,2048,0,100,888
123,0.04979880899190903,228.0,138.0,0,2048,0,100,888
124,0.0500098149641417,228.0,139.0,0,2048,0,100,888
125,0.050384183996357024,228.0,140.0,0,2048,0,100,888
126,0.05069441901287064,228.0,141.0,0,2048,0,100,888
127,0.05098163295770064,228.0,142.0,0,2048,0,100,888
128,0.05139259196585044,228.0,143.0,0,2048,0,100,888
129,0.05595599301159382,229.0,145.0,0,2048,0,100,888
130,0.056278607982676476,229.0,146.0,0,2048,0,100,888
131,0.056524960964452475,229.0,147.0,0,2048,0,100,888
132,0.05675803095800802,229.0,148.0,0,2048,0,100,888
133,0.05698694399325177,229.0,149.0,0,2048,0,100,888
134,0.05721777700819075,229.0,150.0,0,2048,0,100,888
135,0.05743618798442185,229.0,151.0,0,2048,0,100,888
136,0.05765406700083986,229.0,152.0,0,2048,0,100,888
137,0.057871222961694,229.0,153.0,0,2048,0,100,888
138,0.05809230700833723,229.0,154.0,0,2048,0,100,888
139,0.05830949998926371,229.0,155.0,0,2048,0,100,888
140,0.05852753797080368,229.0,156.0,0,2048,0,100,888
141,0.05875352199655026,229.0,157.0,0,2048,0,100,888
142,0.05897898500552401,229.0,158.0,0,2048,0,100,888
143,0.05933003296377137,229.0,159.0,0,2048,0,100,888
144,0.059651079995092005,229.0,160.0,0,2048,0,100,888
145,0.0598802290041931,229.0,161.0,0,2048,0,100,888
146,0.06010065699229017,229.0,162.0,0,2048,0,100,888
147,0.060318111965898424,229.0,163.0,0,2048,0,100,888
148,0.06053638696903363,229.0,164.0,0,2048,0,100,888
149,0.060755817976314574,229.0,165.0,0,2048,0,100,888
150,0.06097366497851908,229.0,166.0,0,2048,0,100,888
151,0.061191384971607476,229.0,167.0,0,2048,0,100,888
152,0.06140959699405357,229.0,168.0,0,2048,0,100,888
153,0.06171074998565018,229.0,169.0,0,2048,0,100,888
154,0.06416791101219133,229.0,170.0,0,2048,0,100,888
155,0.06457694701384753,229.0,171.0,0,2048,0,100,888
156,0.06486003298778087,229.0,172.0,0,2048,0,100,888
157,0.06511513399891555,229.0,173.0,0,2048,0,100,888
158,0.06539529899600893,229.0,174.0,0,2048,0,100,888
159,0.0656421949970536,229.0,175.0,0,2048,0,100,888
160,0.06586680497275665,229.0,176.0,0,2048,0,100,888
161,0.06609095196472481,229.0,177.0,0,2048,0,100,888
162,0.06632253498537466,229.0,178.0,0,2048,0,100,888
163,0.06655174400657415,229.0,179.0,0,2048,0,100,888
164,0.06678473198553547,229.0,180.0,0,2048,0,100,888
165,0.06700843397993594,229.0,181.0,0,2048,0,100,888
166,0.06742424197727814,229.0,182.0,0,2048,0,100,888
167,0.06772583996644244,229.0,183.0,0,2048,0,100,888
168,0.06810091197257861,229.0,184.0,0,2048,0,100,888
169,0.06850104097975418,229.0,185.0,0,2048,0,100,888
170,0.0689518210128881,229.0,186.0,0,2048,0,100,888
171,0.06930673698661849,229.0,187.0,0,2048,0,100,888
172,0.06960765999974683,229.0,188.0,0,2048,0,100,888
173,0.07015253498684615,229.0,189.0,0,2048,0,100,888
174,0.071640103997197,229.0,190.0,0,2048,0,100,888
175,0.07238968397723511,229.0,191.0,0,2048,0,100,888
176,0.0728409249568358,229.0,192.0,0,2048,0,100,888
177,0.07314830098766834,229.0,193.0,0,2048,0,100,888
178,0.07339725899510086,229.0,194.0,0,2048,0,100,888
179,0.0736370689701289,229.0,195.0,0,2048,0,100,888
180,0.07387503999052569,229.0,196.0,0,2048,0,100,888
181,0.0741107749636285,229.0,197.0,0,2048,0,100,888
182,0.0743469349690713,229.0,198.0,0,2048,0,100,888
183,0.07458166196011007,229.0,199.0,0,2048,0,100,888
184,0.07481496100081131,229.0,200.0,0,2048,0,100,888
185,0.0750520639703609,229.0,201.0,0,2048,0,100,888
186,0.07528577296761796,229.0,202.0,0,2048,0,100,888
187,0.07551828201394528,229.0,203.0,0,2048,0,100,888
188,0.07575153297511861,229.0,204.0,0,2048,0,100,888
189,0.07599238300463185,229.0,205.0,0,2048,0,100,888
190,0.07630531198810786,229.0,206.0,0,2048,0,100,888
191,0.07655993895605206,229.0,207.0,0,2048,0,100,888
192,0.0767935499898158,229.0,208.0,0,2048,0,100,888
193,0.07702730101300403,229.0,209.0,0,2048,0,100,888
194,0.07726076699327677,229.0,210.0,0,2048,0,100,888
195,0.07749342499300838,229.0,211.0,0,2048,0,100,888
196,0.07772519800346345,229.0,212.0,0,2048,0,100,888
197,0.07806773396441713,229.0,213.0,0,2048,0,100,888
198,0.07945823797490448,229.0,214.0,0,2048,0,100,888
199,0.08058954100124538,229.0,215.0,0,2048,0,100,888
200,0.08086356899002567,229.0,216.0,0,2048,0,100,888
201,0.08110823296010494,229.0,217.0,0,2048,0,100,888
202,0.08134798496030271,229.0,218.0,0,2048,0,100,888
203,0.08158489700872451,229.0,219.0,0,2048,0,100,888
204,0.08182231400860474,229.0,220.0,0,2048,0,100,888
205,0.08207017200766131,229.0,221.0,0,2048,0,100,888
206,0.08244886295869946,229.0,222.0,0,2048,0,100,888
207,0.08273909898707643,229.0,223.0,0,2048,0,100,888
208,0.08316345099592581,229.0,224.0,0,2048,0,100,888
209,0.0834611399914138,229.0,225.0,0,2048,0,100,888
210,0.0838825450045988,229.0,226.0,0,2048,0,100,888
211,0.08450364001328126,229.0,227.0,0,2048,0,100,888
212,0.08485850400757045,229.0,228.0,0,2048,0,100,888
213,0.08510953496443108,229.0,229.0,0,2048,0,100,888
214,0.08535408496391028,229.0,230.0,0,2048,0,100,888
215,0.0855971520068124,229.0,231.0,0,2048,0,100,888
216,0.08594185899710283,229.0,232.0,0,2048,0,100,888
217,0.08620750898262486,229.0,233.0,0,2048,0,100,888
218,0.0869363920064643,229.0,234.0,0,2048,0,100,888
219,0.08823151496471837,229.0,235.0,0,2048,0,100,888
220,0.08881652296986431,229.0,236.0,0,2048,0,100,888
221,0.08919623697875068,229.0,237.0,0,2048,0,100,888
222,0.08949384395964444,229.0,238.0,0,2048,0,100,888
223,0.08976438199169934,229.0,239.0,0,2048,0,100,888
224,0.09002986800624058,229.0,240.0,0,2048,0,100,888
225,0.09029479697346687,229.0,241.0,0,2048,0,100,888
226,0.09054839296732098,229.0,242.0,0,2048,0,100,888
227,0.09079964197007939,229.0,243.0,0,2048,0,100,888
228,0.09104905399726704,229.0,244.0,0,2048,0,100,888
229,0.09129822097020224,229.0,245.0,0,2048,0,100,888
230,0.09154613898135722,229.0,246.0,0,2048,0,100,888
231,0.09179461497114971,229.0,247.0,0,2048,0,100,888
232,0.09204256098018959,229.0,248.0,0,2048,0,100,888
233,0.09229519800283015,229.0,249.0,0,2048,0,100,888
234,0.09254310396499932,229.0,250.0,0,2048,0,100,888
235,0.09278948098653927,229.0,251.0,0,2048,0,100,888
236,0.0930356839671731,229.0,252.0,0,2048,0,100,888
237,0.09328214498236775,229.0,253.0,0,2048,0,100,888
238,0.09352946700528264,229.0,254.0,0,2048,0,100,888
239,0.09377546998439357,229.0,255.0,0,2048,0,100,888
240,0.09402198495808989,229.0,256.0,0,2048,0,100,888
241,0.09620164200896397,229.0,257.0,0,2048,0,100,888
242,0.09687736199703068,229.0,258.0,0,2048,0,100,888
243,0.09722669498296455,229.0,259.0,0,2048,0,100,888
244,0.09748641698388383,229.0,260.0,0,2048,0,100,888
245,0.09774074098095298,229.0,261.0,0,2048,0,100,888
246,0.09799652296351269,229.0,262.0,0,2048,0,100,888
247,0.0982562149874866,229.0,263.0,0,2048,0,100,888
248,0.09850956499576569,229.0,264.0,0,2048,0,100,888
249,0.09876115998486057,229.0,265.0,0,2048,0,100,888
250,0.09917071997188032,229.0,266.0,0,2048,0,100,888
251,0.09961065399693325,229.0,267.0,0,2048,0,100,888
252,0.10012393799843267,229.0,268.0,0,2048,0,100,888
253,0.10071698296815157,229.0,269.0,0,2048,0,100,888
254,0.10103378799976781,229.0,270.0,0,2048,0,100,888
255,0.10129222099203616,229.0,271.0,0,2048,0,100,888
256,0.1015470779966563,229.0,272.0,0,2048,0,100,888
257,0.10600692499428988,229.0,273.0,0,2048,0,100,888
258,0.10637420800048858,229.0,274.0,0,2048,0,100,888
259,0.10667720198398456,229.0,275.0,0,2048,0,100,888
260,0.10696198098594323,229.0,276.0,0,2048,0,100,888
261,0.10724359500454739,229.0,277.0,0,2048,0,100,888
262,0.10765669896500185,230.0,279.0,0,2048,0,100,888
0,0.0009305629646405578,206.0,0.0,0,2048,0,100,12345
1,0.0031833219691179693,206.0,1.0,0,2048,0,100,12345
2,0.006517894973512739,206.0,2.0,0,2048,0,100,12345
3,0.008022721973247826,206.0,3.0,0,2048,0,100,12345
4,0.00836939294822514,207.0,5.0,0,2048,0,100,12345
5,0.009776264952961355,207.0,6.0,0,2048,0,100,12345
6,0.009971500956453383,207.0,7.0,0,2048,0,100,12345
7,0.01039138896157965,208.0,9.0,0,2048,0,100,12345
8,0.010648310999386013,208.0,10.0,0,2048,0,100,12345
9,0.013535678968764842,208.0,11.0,0,2048,0,100,12345
10,0.013889280962757766,208.0,12.0,0,2048,0,100,12345
11,0.01441243098815903,208.0,13.0,0,2048,0,100,12345
12,0.014626316959038377,208.0,14.0,0,2048,0,100,12345
13,0.01481713994871825,208.0,15.0,0,2048,0,100,12345
14,0.015138378948904574,209.0,17.0,0,2048,0,100,12345
15,0.015320284001063555,209.0,18.0,0,2048,0,100,12345
16,0.015642399957869202,210.0,20.0,0,2048,0,100,12345
17,0.018967649957630783,210.0,21.0,0,2048,0,100,12345
18,0.019537032989319414,211.0,23.0,0,2048,0,100,12345
19,0.01987343397922814,211.0,24.0,0,2048,0,100,12345
20,0.020099483954254538,211.0,25.0,0,2048,0,100,12345
21,0.02028959000017494,211.0,26.0,0,2048,0,100,12345
22,0.020693648955784738,212.0,28.0,0,2048,0,100,12345
23,0.020938418980222195,212.0,29.0,0,2048,0,100,12345
24,0.02135163696948439,212.0,30.0,0,2048,0,100,12345
25,0.021798148984089494,212.0,31.0,0,2048,0,100,12345
26,0.02208485995652154,212.0,32.0,0,2048,0,100,12345
27,0.022424755967222154,212.0,33.0,0,2048,0,100,12345
28,0.022640792944002897,212.0,34.0,0,2048,0,100,12345
29,0.022963811992667615,214.0,36.0,0,2048,0,100,12345
30,0.02314634999493137,214.0,37.0,0,2048,0,100,12345
31,0.023325804970227182,214.0,38.0,0,2048,0,100,12345
32,0.02350599196506664,214.0,39.0,0,2048,0,100,12345
33,0.02531157695921138,214.0,40.0,0,2048,0,100,12345
34,0.025532489991746843,214.0,41.0,0,2048,0,100,12345
35,0.025727066968102008,214.0,42.0,0,2048,0,100,12345
36,0.02591969195054844,214.0,43.0,0,2048,0,100,12345
37,0.026209849980659783,214.0,44.0,0,2048,0,100,12345
38,0.026583231985569,214.0,45.0,0,2048,0,100,12345
39,0.027181554993148893,216.0,47.0,0,2048,0,100,12345
40,0.027474240981973708,216.0,48.0,0,2048,0,100,12345
41,0.027735702984500676,216.0,49.0,0,2048,0,100,12345
42,0.027951612952165306,216.0,50.0,0,2048,0,100,12345
43,0.028148378944024444,216.0,51.0,0,2048,0,100,12345
44,0.02834164397791028,216.0,52.0,0,2048,0,100,12345
45,0.028533172968309373,216.0,53.0,0,2048,0,100,12345
46,0.028723053983412683,216.0,54.0,0,2048,0,100,12345
47,0.02891354897292331,216.0,55.0,0,2048,0,100,12345
48,0.02910081995651126,216.0,56.0,0,2048,0,100,12345
49,0.02944077196298167,216.0,57.0,0,2048,0,100,12345
50,0.030331654998008162,216.0,58.0,0,2048,0,100,12345
51,0.030837878992315382,216.0,59.0,0,2048,0,100,12345
52,0.03108674695249647,216.0,60.0,0,2048,0,100,12345
53,0.031291296996641904,216.0,61.0,0,2048,0,100,12345
54,0.03148117597447708,216.0,62.0,0,2048,0,100,12345
55,0.03167019895045087,216.0,63.0,0,2048,0,100,12345
56,0.03185751894488931,216.0,64.0,0,2048,0,100,12345
57,0.03218464396195486,217.0,66.0,0,2048,0,100,12345
58,0.032374108966905624,217.0,67.0,0,2048,0,100,12345
59,0.03256177494768053,217.0,68.0,0,2048,0,100,12345
60,0.032749486970715225,217.0,69.0,0,2048,0,100,12345
61,0.03294228494632989,217.0,70.0,0,2048,0,100,12345
62,0.033136021986138076,217.0,71.0,0,2048,0,100,12345
63,0.033324876974802464,217.0,72.0,0,2048,0,100,12345
64,0.033516735944431275,217.0,73.0,0,2048,0,100,12345
65,0.03724226600024849,217.0,74.0,0,2048,0,100,12345
66,0.03749042394338176,217.0,75.0,0,2048,0,100,12345
67,0.03783340199152008,217.0,76.0,0,2048,0,100,12345
68,0.038448859995696694,217.0,77.0,0,2048,0,100,12345
69,0.03927822900004685,220.0,79.0,0,2048,0,100,12345
70,0.03953676496166736,220.0,80.0,0,2048,0,100,12345
71,0.03988889296306297,221.0,82.0,0,2048,0,100,12345
72,0.0400978559628129,221.0,83.0,0,2048,0,100,12345
73,0.04029207397252321,221.0,84.0,0,2048,0,100,12345
74,0.04048571200110018,221.0,85.0,0,2048,0,100,12345
75,0.04067878099158406,221.0,86.0,0,2048,0,100,12345
76,0.04087154695298523,221.0,87.0,0,2048,0,100,12345
77,0.04106883698841557,221.0,88.0,0,2048,0,100,12345
78,0.041262045968323946,221.0,89.0,0,2048,0,100,12345
79,0.041455704951658845,221.0,90.0,0,2048,0,100,12345
80,0.04172580695012584,221.0,91.0,0,2048,0,100,12345
81,0.04233015299541876,221.0,92.0,0,2048,0,100,12345
82,0.04270801995880902,221.0,93.0,0,2048,0,100,12345
83,0.04300367599353194,221.0,94.0,0,2048,0,100,12345
84,0.04338987695518881,221.0,95.0,0,2048,0,100,12345
85,0.04365964297903702,221.0,96.0,0,2048,0,100,12345
86,0.04387904395116493,221.0,97.0,0,2048,0,100,12345
87,0.04408170498209074,221.0,98.0,0,2048,0,100,12345
88,0.044280036992859095,221.0,99.0,0,2048,0,100,12345
89,0.044480779964942485,221.0,100.0,0,2048,0,100,12345
90,0.04468014696612954,221.0,101.0,0,2048,0,100,12345
91,0.04487926297588274,221.0,102.0,0,2048,0,100,12345
92,0.04521590599324554,222.0,104.0,0,2048,0,100,12345
93,0.0454198659863323,222.0,105.0,0,2048,0,100,12345
94,0.04562273697229102,222.0,106.0,0,2048,0,100,12345
95,0.04582288395613432,222.0,107.0,0,2048,0,100,12345
96,0.04616675496799871,222.0,108.0,0,2048,0,100,12345
97,0.046437076991423965,222.0,109.0,0,2048,0,100,12345
98,0.046690643997862935,222.0,110.0,0,2048,0,100,12345
99,0.046922629000619054,222.0,111.0,0,2048,0,100,12345
100,0.048033010971266776,222.0,112.0,0,2048,0,100,12345
101,0.0483431929606013,222.0,113.0,0,2048,0,100,12345
102,0.04856092599220574,222.0,114.0,0,2048,0,100,12345
103,0.048769930959679186,222.0,115.0,0,2048,0,100,12345
104,0.04897599096875638,222.0,116.0,0,2048,0,100,12345
105,0.049189532990567386,222.0,117.0,0,2048,0,100,12345
106,0.04939674097113311,222.0,118.0,0,2048,0,100,12345
107,0.04961114894831553,222.0,119.0,0,2048,0,100,12345
108,0.04981677094474435,222.0,120.0,0,2048,0,100,12345
109,0.05002778995549306,222.0,121.0,0,2048,0,100,12345
110,0.050335415988229215,222.0,122.0,0,2048,0,100,12345
111,0.050873949949163944,222.0,123.0,0,2048,0,100,12345
112,0.05187766399467364,223.0,125.0,0,2048,0,100,12345
113,0.05227546097012237,223.0,126.0,0,2048,0,100,12345
114,0.052508332999423146,223.0,127.0,0,2048,0,100,12345
115,0.05298739596037194,223.0,128.0,0,2048,0,100,12345
116,0.05382254399592057,223.0,129.0,0,2048,0,100,12345
117,0.05423235596390441,223.0,130.0,0,2048,0,100,12345
118,0.054509164998307824,223.0,131.0,0,2048,0,100,12345
119,0.05472639197250828,223.0,132.0,0,2048,0,100,12345
120,0.05508026899769902,224.0,134.0,0,2048,0,100,12345
121,0.05529512697830796,224.0,135.0,0,2048,0,100,12345
122,0.05550657398998737,224.0,136.0,0,2048,0,100,12345
123,0.05574318894650787,224.0,137.0,0,2048,0,100,12345
124,0.05609550199005753,225.0,139.0,0,2048,0,100,12345
125,0.05630558595294133,225.0,140.0,0,2048,0,100,12345
126,0.056517532968427986,225.0,141.0,0,2048,0,100,12345
127,0.0567280919640325,225.0,142.0,0,2048,0,100,12345
128,0.056941620947327465,225.0,143.0,0,2048,0,100,12345
129,0.059432422975078225,225.0,144.0,0,2048,0,100,12345
130,0.05969979695510119,225.0,145.0,0,2048,0,100,12345
131,0.059923732944298536,225.0,146.0,0,2048,0,100,12345
132,0.06014313694322482,225.0,147.0,0,2048,0,100,12345
133,0.06035914894891903,225.0,148.0,0,2048,0,100,12345
134,0.06057612597942352,225.0,149.0,0,2048,0,100,12345
135,0.06083445594413206,225.0,150.0,0,2048,0,100,12345
136,0.06106564897345379,225.0,151.0,0,2048,0,100,12345
137,0.06127969594672322,225.0,152.0,0,2048,0,100,12345
138,0.06149509898386896,225.0,153.0,0,2048,0,100,12345
139,0.061931737000122666,225.0,154.0,0,2048,0,100,12345
140,0.062425805954262614,225.0,155.0,0,2048,0,100,12345
141,0.06272643199190497,225.0,156.0,0,2048,0,100,12345
142,0.06299542094347998,225.0,157.0,0,2048,0,100,12345
143,0.06324122997466475,225.0,158.0,0,2048,0,100,12345
144,0.06350598594872281,225.0,159.0,0,2048,0,100,12345
145,0.06375139398733154,225.0,160.0,0,2048,0,100,12345
146,0.06411192700034007,225.0,161.0,0,2048,0,100,12345
147,0.06437500996980816,225.0,162.0,0,2048,0,100,12345
148,0.06459686398738995,225.0,163.0,0,2048,0,100,12345
149,0.06481582898413762,225.0,164.0,0,2048,0,100,12345
150,0.06503615394467488,225.0,165.0,0,2048,0,100,12345
151,0.06525382894324139,225.0,166.0,0,2048,0,100,12345
152,0.06547396996757016,225.0,167.0,0,2048,0,100,12345
153,0.06569207098800689,225.0,168.0,0,2048,0,100,12345
154,0.06591313297394663,225.0,169.0,0,2048,0,100,12345
155,0.06616578198736534,225.0,170.0,0,2048,0,100,12345
156,0.0663898759521544,225.0,171.0,0,2048,0,100,12345
157,0.06668945297133178,225.0,172.0,0,2048,0,100,12345
158,0.06705935695208609,225.0,173.0,0,2048,0,100,12345
159,0.06745202396996319,225.0,174.0,0,2048,0,100,12345
160,0.06774158397456631,225.0,175.0,0,2048,0,100,12345
161,0.06798110494855791,225.0,176.0,0,2048,0,100,12345
162,0.06821606098674238,225.0,177.0,0,2048,0,100,12345
163,0.06844441994326189,225.0,178.0,0,2048,0,100,12345
164,0.06871422496624291,225.0,179.0,0,2048,0,100,12345
165,0.06894636596553028,225.0,180.0,0,2048,0,100,12345
166,0.06917200895259157,225.0,181.0,0,2048,0,100,12345
167,0.06939535099081695,225.0,182.0,0,2048,0,100,12345
168,0.06962043896783143,225.0,183.0,0,2048,0,100,12345
169,0.06984374299645424,225.0,184.0,0,2048,0,100,12345
170,0.07006937899859622,225.0,185.0,0,2048,0,100,12345
171,0.07029282196890563,225.0,186.0,0,2048,0,100,12345
172,0.07051887398120016,225.0,187.0,0,2048,0,100,12345
173,0.07074813498184085,225.0,188.0,0,2048,0,100,12345
174,0.07101181597681716,225.0,189.0,0,2048,0,100,12345
175,0.07125344895757735,225.0,190.0,0,2048,0,100,12345
176,0.07148314197547734,225.0,191.0,0,2048,0,100,12345
177,0.07170911499997601,225.0,192.0,0,2048,0,100,12345
178,0.07193708594422787,225.0,193.0,0,2048,0,100,12345
179,0.07216383499326184,225.0,194.0,0,2048,0,100,12345
180,0.0723932069959119,225.0,195.0,0,2048,0,100,12345
181,0.07262007595272735,225.0,196.0,0,2048,0,100,12345
182,0.07284952694317326,225.0,197.0,0,2048,0,100,12345
183,0.07307665899861604,225.0,198.0,0,2048,0,100,12345
184,0.07330654497491196,225.0,199.0,0,2048,0,100,12345
185,0.07357283495366573,225.0,200.0,0,2048,0,100,12345
186,0.07385753997368738,225.0,201.0,0,2048,0,100,12345
187,0.07409679895499721,225.0,202.0,0,2048,0,100,12345
188,0.07446680695284158,225.0,203.0,0,2048,0,100,12345
189,0.07489001494832337,225.0,204.0,0,2048,0,100,12345
190,0.07520384999224916,225.0,205.0,0,2048,0,100,12345
191,0.07547125697601587,225.0,206.0,0,2048,0,100,12345
192,0.07571583695244044,225.0,207.0,0,2048,0,100,12345
193,0.07595574297010899,225.0,208.0,0,2048,0,100,12345
194,0.07619687594706193,225.0,209.0,0,2048,0,100,12345
195,0.07643455697689205,225.0,210.0,0,2048,0,100,12345
196,0.07672385894693434,225.0,211.0,0,2048,0,100,12345
197,0.07697131298482418,225.0,212.0,0,2048,0,100,12345
198,0.07720970595255494,225.0,213.0,0,2048,0,100,12345
199,0.07744578394340351,225.0,214.0,0,2048,0,100,12345
200,0.07768275198759511,225.0,215.0,0,2048,0,100,12345
201,0.07792103197425604,225.0,216.0,0,2048,0,100,12345
202,0.07815943495370448,225.0,217.0,0,2048,0,100,12345
203,0.0785791709786281,225.0,218.0,0,2048,0,100,12345
204,0.07904175395378843,225.0,219.0,0,2048,0,100,12345
205,0.07948101899819449,226.0,221.0,0,2048,0,100,12345
206,0.07980807597050443,226.0,222.0,0,2048,0,100,12345
207,0.0800905809737742,226.0,223.0,0,2048,0,100,12345
208,0.08034255699021742,226.0,224.0,0,2048,0,100,12345
209,0.08058685396099463,226.0,225.0,0,2048,0,100,12345
210,0.08083059499040246,226.0,226.0,0,2048,0,100,12345
211,0.08107302896678448,226.0,227.0,0,2048,0,100,12345
212,0.08133787399856374,226.0,228.0,0,2048,0,100,12345
213,0.08159922296181321,226.0,229.0,0,2048,0,100,12345
214,0.08202546398388222,226.0,230.0,0,2048,0,100,12345
215,0.08236729598138481,226.0,231.0,0,2048,0,100,12345
216,0.08263071399414912,226.0,232.0,0,2048,0,100,12345
217,0.08287476195255294,226.0,233.0,0,2048,0,100,12345
218,0.083117552974727,226.0,234.0,0,2048,0,100,12345
219,0.08335937897209078,226.0,235.0,0,2048,0,100,12345
220,0.08360085898311809,226.0,236.0,0,2048,0,100,12345
221,0.08384158497210592,226.0,237.0,0,2048,0,100,12345
222,0.08408310398226604,226.0,238.0,0,2048,0,100,12345
223,0.08432415296556428,226.0,239.0,0,2048,0,100,12345
224,0.08471718494547531,226.0,240.0,0,2048,0,100,12345
225,0.08514110499527305,226.0,241.0,0,2048,0,100,12345
226,0.08552977599902079,226.0,242.0,0,2048,0,100,12345
227,0.08592904696706682,226.0,243.0,0,2048,0,100,12345
228,0.08618196996394545,226.0,244.0,0,2048,0,100,12345
229,0.08642916998360306,226.0,245.0,0,2048,0,100,12345
230,0.08667530899401754,226.0,246.0,0,2048,0,100,12345
231,0.08692572999279946,226.0,247.0,0,2048,0,100,12345
232,0.08717275899834931,226.0,248.0,0,2048,0,100,12345
233,0.08742488897405565,226.0,249.0,0,2048,0,100,12345
234,0.08767121098935604,226.0,250.0,0,2048,0,100,12345
235,0.08791676495457068,226.0,251.0,0,2048,0,100,12345
236,0.08816238399595022,226.0,252.0,0,2048,0,100,12345
237,0.088490585971158,226.0,253.0,0,2048,0,100,12345
238,0.08877242595190182,226.0,254.0,0,2048,0,100,12345
239,0.08902653597760946,226.0,255.0,0,2048,0,100,12345
240,0.08927655394654721,226.0,256.0,0,2048,0,100,12345
241,0.08952481497544795,226.0,257.0,0,2048,0,100,12345
242,0.08977349696215242,226.0,258.0,0,2048,0,100,12345
243,0.09016686998074874,226.0,259.0,0,2048,0,100,12345
244,0.09060174896148965,226.0,260.0,0,2048,0,100,12345
245,0.09092753898585215,226.0,261.0,0,2048,0,100,12345
246,0.09119661594741046,226.0,262.0,0,2048,0,100,12345
247,0.09145291999448091,226.0,263.0,0,2048,0,100,12345
248,0.09175130695803091,226.0,264.0,0,2048,0,100,12345
249,0.0920131109887734,226.0,265.0,0,2048,0,100,12345
250,0.09226506896084175,226.0,266.0,0,2048,0,100,12345
251,0.09251505899010226,226.0,267.0,0,2048,0,100,12345
252,0.09276539296843112,226.0,268.0,0,2048,0,100,12345
253,0.09301551198586822,226.0,269.0,0,2048,0,100,12345
254,0.09326680895173922,226.0,270.0,0,2048,0,100,12345
255,0.09351716295350343,226.0,271.0,0,2048,0,100,12345
256,0.09376933897146955,226.0,272.0,0,2048,0,100,12345
257,0.0967038549715653,226.0,273.0,0,2048,0,100,12345
258,0.09706849098438397,226.0,274.0,0,2048,0,100,12345
259,0.09733654197771102,226.0,275.0,0,2048,0,100,12345
260,0.09778402099618688,226.0,276.0,0,2048,0,100,12345
261,0.09821508597815409,226.0,277.0,0,2048,0,100,12345
262,0.09849842195399106,226.0,278.0,0,2048,0,100,12345
263,0.09876205195905641,226.0,279.0,0,2048,0,100,12345
264,0.09903297695564106,226.0,280.0,0,2048,0,100,12345
265,0.09929328999714926,226.0,281.0,0,2048,0,100,12345
266,0.09955661895219237,226.0,282.0,0,2048,0,100,12345
267,0.10211469198111445,226.0,283.0,0,2048,0,100,12345
268,0.10247567598707974,226.0,284.0,0,2048,0,100,12345
269,0.10275418299715966,226.0,285.0,0,2048,0,100,12345
270,0.10302370594581589,226.0,286.0,0,2048,0,100,12345
271,0.10329210496274754,226.0,287.0,0,2048,0,100,12345
272,0.10355015599634498,226.0,288.0,0,2048,0,100,12345
273,0.103807755978778,226.0,289.0,0,2048,0,100,12345
274,0.10407322394894436,226.0,290.0,0,2048,0,100,12345
275,0.10434263397473842,226.0,291.0,0,2048,0,100,12345
276,0.1055071969749406,226.0,292.0,0,2048,0,100,12345
277,0.10614767699735239,226.0,293.0,0,2048,0,100,12345
278,0.10646797594381496,226.0,294.0,0,2048,0,100,12345
279,0.10675144294509664,226.0,295.0,0,2048,0,100,12345
280,0.10703734494745731,226.0,296.0,0,2048,0,100,12345
281,0.10730456898454577,226.0,297.0,0,2048,0,100,12345
282,0.10771466395817697,227.0,299.0,0,2048,0,100,12345
283,0.10798136197263375,227.0,300.0,0,2048,0,100,12345
284,0.10824738600058481,227.0,301.0,0,2048,0,100,12345
285,0.10851146199274808,227.0,302.0,0,2048,0,100,12345
286,0.10877679596887901,227.0,303.0,0,2048,0,100,12345
287,0.10904310696059838,227.0,304.0,0,2048,0,100,12345
288,0.10930810897843912,227.0,305.0,0,2048,0,100,12345
289,0.10957295098342001,227.0,306.0,0,2048,0,100,12345
290,0.10983901500003412,227.0,307.0,0,2048,0,100,12345
291,0.11010315996827558,227.0,308.0,0,2048,0,100,12345
292,0.11036808596691117,227.0,309.0,0,2048,0,100,12345
293,0.11063243495300412,227.0,310.0,0,2048,0,100,12345
294,0.11103451199596748,228.0,312.0,0,2048,0,100,12345
295,0.11129999900003895,228.0,313.0,0,2048,0,100,12345
296,0.11162601097021252,228.0,314.0,0,2048,0,100,12345
297,0.11193835397716612,228.0,315.0,0,2048,0,100,12345
298,0.11224004998803139,228.0,316.0,0,2048,0,100,12345
299,0.11308613396249712,228.0,317.0,0,2048,0,100,12345
300,0.11354253895115107,228.0,318.0,0,2048,0,100,12345
301,0.11439431295730174,228.0,319.0,0,2048,0,100,12345
302,0.11473318695789203,228.0,320.0,0,2048,0,100,12345
303,0.11501186399254948,228.0,321.0,0,2048,0,100,12345
304,0.11528808495495468,228.0,322.0,0,2048,0,100,12345
305,0.11569808999774978,229.0,324.0,0,2048,0,100,12345
306,0.11597356694983318,229.0,325.0,0,2048,0,100,12345
307,0.11624749895418063,229.0,326.0,0,2048,0,100,12345
308,0.11669935594545677,229.0,327.0,0,2048,0,100,12345
309,0.11706671095453203,229.0,328.0,0,2048,0,100,12345
310,0.1182733919704333,229.0,329.0,0,2048,0,100,12345
311,0.11908114497782663,229.0,330.0,0,2048,0,100,12345
312,0.1194515289971605,229.0,331.0,0,2048,0,100,12345
313,0.1197322909720242,229.0,332.0,0,2048,0,100,12345
314,0.12009922997094691,229.0,333.0,0,2048,0,100,12345
315,0.12041359697468579,229.0,334.0,0,2048,0,100,12345
316,0.12070355599280447,229.0,335.0,0,2048,0,100,12345
317,0.12098767195129767,229.0,336.0,0,2048,0,100,12345
318,0.12140610598726198,229.0,337.0,0,2048,0,100,12345
319,0.12236363400006667,229.0,338.0,0,2048,0,100,12345
320,0.12317655194783583,229.0,339.0,0,2048,0,100,12345
321,0.12353249499574304,229.0,340.0,0,2048,0,100,12345
322,0.12382775894366205,229.0,341.0,0,2048,0,100,12345
323,0.12412035494344309,229.0,342.0,0,2048,0,100,12345
324,0.12439659098163247,229.0,343.0,0,2048,0,100,12345
325,0.12468075897777453,229.0,344.0,0,2048,0,100,12345
326,0.12495626998133957,229.0,345.0,0,2048,0,100,12345
327,0.125232228951063,229.0,346.0,0,2048,0,100,12345
328,0.1255080399569124,229.0,347.0,0,2048,0,100,12345
329,0.12578376597957686,229.0,348.0,0,2048,0,100,12345
330,0.12605983897810802,229.0,349.0,0,2048,0,100,12345
331,0.12638702295953408,229.0,350.0,0,2048,0,100,12345
332,0.12671640695771202,229.0,351.0,0,2048,0,100,12345
333,0.12705154699506238,229.0,352.0,0,2048,0,100,12345
334,0.12734713999088854,229.0,353.0,0,2048,0,100,12345
335,0.12762691994430497,229.0,354.0,0,2048,0,100,12345
336,0.12790559098357335,229.0,355.0,0,2048,0,100,12345
337,0.12818448594771326,229.0,356.0,0,2048,0,100,12345
338,0.1284634859766811,229.0,357.0,0,2048,0,100,12345
339,0.12874286394799128,229.0,358.0,0,2048,0,100,12345
340,0.1291389919933863,229.0,359.0,0,2048,0,100,12345
341,0.1296851789811626,229.0,360.0,0,2048,0,100,12345
342,0.13030077598523349,229.0,361.0,0,2048,0,100,12345
343,0.13110082695493475,229.0,362.0,0,2048,0,100,12345
344,0.1314571419497952,229.0,363.0,0,2048,0,100,12345
345,0.13175775698618963,229.0,364.0,0,2048,0,100,12345
346,0.13204524497268721,229.0,365.0,0,2048,0,100,12345
347,0.1323308209539391,229.0,366.0,0,2048,0,100,12345
348,0.13308773294556886,229.0,367.0,0,2048,0,100,12345
349,0.1334944239933975,229.0,368.0,0,2048,0,100,12345
350,0.13425822398858145,229.0,369.0,0,2048,0,100,12345
351,0.1359820159850642,229.0,370.0,0,2048,0,100,12345
352,0.13652264495613053,229.0,371.0,0,2048,0,100,12345
353,0.1369308239663951,229.0,372.0,0,2048,0,100,12345
354,0.13728214299771935,229.0,373.0,0,2048,0,100,12345
355,0.1376325689489022,229.0,374.0,0,2048,0,100,12345
356,0.13822066196007654,229.0,375.0,0,2048,0,100,12345
357,0.13899457996012643,229.0,376.0,0,2048,0,100,12345
358,0.13960886595305055,229.0,377.0,0,2048,0,100,12345
359,0.13996191194746643,229.0,378.0,0,2048,0,100,12345
360,0.14027610898483545,229.0,379.0,0,2048,0,100,12345
361,0.14057076897006482,229.0,380.0,0,2048,0,100,12345
362,0.14086264499928802,229.0,381.0,0,2048,0,100,12345
363,0.14120843895943835,229.0,382.0,0,2048,0,100,12345
364,0.1415321459644474,229.0,383.0,0,2048,0,100,12345
365,0.14182845299365,229.0,384.0,0,2048,0,100,12345
366,0.14212039398262277,229.0,385.0,0,2048,0,100,12345
367,0.14241089398274198,229.0,386.0,0,2048,0,100,12345
368,0.14270076696993783,229.0,387.0,0,2048,0,100,12345
369,0.1429898549686186,229.0,388.0,0,2048,0,100,12345
370,0.14327999099623412,229.0,389.0,0,2048,0,100,12345
371,0.14357227296568453,229.0,390.0,0,2048,0,100,12345
372,0.14386397297494113,229.0,391.0,0,2048,0,100,12345
373,0.14415415399707854,229.0,392.0,0,2048,0,100,12345
374,0.14444458595244214,229.0,393.0,0,2048,0,100,12345
375,0.14473511395044625,229.0,394.0,0,2048,0,100,12345
376,0.14502581697888672,229.0,395.0,0,2048,0,100,12345
377,0.1453162559773773,229.0,396.0,0,2048,0,100,12345
378,0.14560838998295367,229.0,397.0,0,2048,0,100,12345
379,0.14590050594415516,229.0,398.0,0,2048,0,100,12345
380,0.14701101294485852,229.0,399.0,0,2048,0,100,12345
381,0.14770060998853296,229.0,400.0,0,2048,0,100,12345
382,0.14808902598451823,229.0,401.0,0,2048,0,100,12345
383,0.14839289494557306,229.0,402.0,0,2048,0,100,12345
384,0.14872303599258885,229.0,403.0,0,2048,0,100,12345
385,0.14904559397837147,229.0,404.0,0,2048,0,100,12345
386,0.14934640197316185,229.0,405.0,0,2048,0,100,12345
387,0.14964969496941194,229.0,406.0,0,2048,0,100,12345
388,0.14998635998927057,229.0,407.0,0,2048,0,100,12345
389,0.1505107109551318,229.0,408.0,0,2048,0,100,12345
390,0.15223508595954627,229.0,409.0,0,2048,0,100,12345
391,0.15266725595574826,229.0,410.0,0,2048,0,100,12345
392,0.15297974494751543,229.0,411.0,0,2048,0,100,12345
393,0.1532813649973832,229.0,412.0,0,2048,0,100,12345
394,0.15363158396212384,229.0,413.0,0,2048,0,100,12345
395,0.15396302996668965,229.0,414.0,0,2048,0,100,12345
396,0.15432542900089175,229.0,415.0,0,2048,0,100,12345
397,0.15494658099487424,229.0,416.0,0,2048,0,100,12345
398,0.15568724495824426,229.0,417.0,0,2048,0,100,12345
399,0.15625415300019085,229.0,418.0,0,2048,0,100,12345
400,0.1566473149578087,229.0,419.0,0,2048,0,100,12345
401,0.1569748759502545,229.0,420.0,0,2048,0,100,12345
402,0.1572883209446445,229.0,421.0,0,2048,0,100,12345
403,0.15759072097716853,229.0,422.0,0,2048,0,100,12345
404,0.15789217595010996,229.0,423.0,0,2048,0,100,12345
405,0.15825120895169675,229.0,424.0,0,2048,0,100,12345
406,0.15858526097144932,229.0,425.0,0,2048,0,100,12345
407,0.15890471095917746,229.0,426.0,0,2048,0,100,12345
408,0.1592089669429697,229.0,427.0,0,2048,0,100,12345
409,0.15951400494668633,229.0,428.0,0,2048,0,100,12345
410,0.1598177549894899,229.0,429.0,0,2048,0,100,12345
411,0.16012090299045667,229.0,430.0,0,2048,0,100,12345
412,0.16042476595612243,229.0,431.0,0,2048,0,100,12345
413,0.16072728898143396,229.0,432.0,0,2048,0,100,12345
414,0.16110002098139375,229.0,433.0,0,2048,0,100,12345
415,0.16144587099552155,229.0,434.0,0,2048,0,100,12345
416,0.1617587799555622,229.0,435.0,0,2048,0,100,12345
417,0.16206642595352605,229.0,436.0,0,2048,0,100,12345
418,0.16237324895337224,229.0,437.0,0,2048,0,100,12345
419,0.163023829984013,229.0,438.0,0,2048,0,100,12345
420,0.16346609697211534,229.0,439.0,0,2048,0,100,12345
421,0.16390287096146494,229.0,440.0,0,2048,0,100,12345
422,0.16444462997606024,229.0,441.0,0,2048,0,100,12345
423,0.16480087296804413,229.0,442.0,0,2048,0,100,12345
424,0.16511394997360185,229.0,443.0,0,2048,0,100,12345
425,0.16543398494832218,229.0,444.0,0,2048,0,100,12345
426,0.1657449499471113,229.0,445.0,0,2048,0,100,12345
427,0.1660609469981864,229.0,446.0,0,2048,0,100,12345
428,0.16646673396462575,229.0,447.0,0,2048,0,100,12345
429,0.16692167398286983,229.0,448.0,0,2048,0,100,12345
430,0.16858798399334773,229.0,449.0,0,2048,0,100,12345
431,0.16922758897999302,230.0,451.0,0,2048,0,100,12345
