Iteration,Fitness,FEvals,Time,State,schedule_type,schedule_init_temp,schedule_decay,schedule_min_temp,schedule_current_value,Temperature,max_iters,Decay_Type,Problem_Size,Seed,Wall_Clock_Time
0,48.0,0,0.0002181439776904881,"[5, 2, 7, 0, 5, 5, 5, 5, 7, 5, 3, 1, 6, 0, 3, 6, 6, 5, 5, 6, 4, 0, 7, 7, 7]",geometric,1000,0.99,0.001,999.9978075821632,1000,2048,geom_decay,25,55,0.7174468040466309
1,47.0,2,0.002443647012114525,"[5, 6, 7, 0, 5, 5, 5, 5, 7, 5, 3, 1, 6, 0, 3, 6, 6, 5, 5, 6, 4, 0, 7, 7, 7]",geometric,1000,0.99,0.001,999.9754408284023,1000,2048,geom_decay,25,55,0.7174468040466309
2,49.0,4,0.005511978000868112,"[5, 6, 7, 0, 5, 5, 5, 5, 7, 5, 3, 1, 6, 0, 3, 6, 6, 5, 5, 2, 4, 0, 7, 7, 7]",geometric,1000,0.99,0.001,999.9446043042724,1000,2048,geom_decay,25,55,0.7174468040466309
4,48.0,8,0.015243223984725773,"[7, 6, 7, 0, 5, 5, 5, 6, 7, 5, 3, 1, 6, 0, 3, 6, 6, 5, 5, 2, 4, 0, 7, 7, 7]",geometric,1000,0.99,0.001,999.8468122139107,1000,2048,geom_decay,25,55,0.7174468040466309
8,48.0,16,0.02198624302400276,"[7, 6, 7, 0, 5, 5, 5, 6, 7, 4, 3, 1, 5, 0, 0, 6, 6, 5, 1, 2, 4, 0, 7, 7, 7]",geometric,1000,0.99,0.001,999.7790552853314,1000,2048,geom_decay,25,55,0.7174468040466309
16,47.0,32,0.04901145998155698,"[7, 5, 7, 0, 5, 5, 5, 2, 7, 4, 7, 1, 5, 7, 0, 6, 5, 5, 7, 2, 4, 0, 7, 3, 7]",geometric,1000,0.99,0.001,999.5075396649304,1000,2048,geom_decay,25,55,0.7174468040466309
32,45.0,64,0.07918107998557389,"[7, 2, 1, 7, 2, 3, 6, 2, 7, 4, 2, 1, 5, 4, 7, 6, 5, 5, 7, 2, 6, 4, 7, 6, 7]",geometric,1000,0.99,0.001,999.2045201149161,1000,2048,geom_decay,25,55,0.7174468040466309
64,48.0,128,0.11035895103123039,"[1, 2, 5, 7, 0, 3, 4, 2, 7, 6, 4, 6, 5, 4, 1, 6, 6, 5, 4, 2, 2, 1, 7, 0, 6]",geometric,1000,0.99,0.001,998.8914703511327,1000,2048,geom_decay,25,55,0.7174468040466309
128,52.0,256,0.22057780798058957,"[4, 3, 0, 2, 0, 7, 7, 1, 5, 1, 0, 0, 3, 6, 4, 6, 2, 7, 4, 4, 6, 2, 5, 7, 1]",geometric,1000,0.99,0.001,997.7855744139382,1000,2048,geom_decay,25,55,0.7174468040466309
256,51.0,512,0.3881378329824656,"[2, 1, 1, 6, 6, 6, 5, 7, 0, 7, 2, 5, 6, 3, 5, 5, 5, 0, 2, 1, 2, 2, 0, 4, 6]",geometric,1000,0.99,0.001,996.1066831084293,1000,2048,geom_decay,25,55,0.7174468040466309
512,47.0,1017,0.6645587580278516,"[2, 3, 3, 1, 4, 1, 5, 0, 5, 6, 0, 2, 0, 1, 2, 7, 0, 7, 0, 5, 0, 7, 1, 1, 1]",geometric,1000,0.99,0.001,993.3432164911419,1000,2048,geom_decay,25,55,0.7174468040466309
1024,55.0,1261,0.7102019290323369,"[4, 7, 5, 1, 7, 1, 2, 6, 5, 6, 0, 6, 1, 5, 0, 4, 7, 2, 4, 3, 4, 7, 2, 3, 1]",geometric,1000,0.99,0.001,992.8876454539455,1000,2048,geom_decay,25,55,0.7174468040466309
2048,55.0,1261,0.7102019290323369,"[4, 7, 5, 1, 7, 1, 2, 6, 5, 6, 0, 6, 1, 5, 0, 4, 7, 2, 4, 3, 4, 7, 2, 3, 1]",geometric,1000,0.99,0.001,992.8876454539455,1000,2048,geom_decay,25,55,0.7174468040466309
0,49.0,0,0.0001625459990464151,"[6, 2, 5, 7, 6, 3, 7, 6, 1, 4, 5, 1, 0, 5, 4, 0, 1, 3, 0, 6, 2, 3, 2, 2, 6]",geometric,1000,0.99,0.001,999.9983663594523,1000,2048,geom_decay,25,888,0.23464179039001465
1,48.0,2,0.0016674670041538775,"[6, 2, 5, 7, 6, 3, 7, 6, 1, 4, 5, 1, 0, 5, 4, 0, 1, 3, 0, 6, 1, 3, 2, 2, 6]",geometric,1000,0.99,0.001,999.9832415370082,1000,2048,geom_decay,25,888,0.23464179039001465
2,49.0,4,0.004281947971321642,"[6, 2, 5, 7, 6, 3, 7, 6, 7, 4, 5, 1, 0, 5, 4, 0, 1, 3, 0, 6, 1, 3, 2, 2, 6]",geometric,1000,0.99,0.001,999.956965910774,1000,2048,geom_decay,25,888,0.23464179039001465
4,49.0,8,0.022965473006479442,"[6, 2, 5, 4, 6, 3, 7, 6, 7, 4, 5, 1, 0, 5, 5, 0, 1, 3, 0, 6, 1, 3, 2, 2, 6]",geometric,1000,0.99,0.001,999.7692159179946,1000,2048,geom_decay,25,888,0.23464179039001465
8,49.0,16,0.025400484970305115,"[6, 0, 6, 4, 6, 3, 7, 6, 7, 4, 5, 1, 0, 1, 5, 0, 1, 3, 0, 6, 1, 3, 7, 2, 6]",geometric,1000,0.99,0.001,999.7447491772424,1000,2048,geom_decay,25,888,0.23464179039001465
16,50.0,32,0.02816509100375697,"[6, 2, 7, 2, 6, 3, 7, 6, 7, 4, 5, 0, 3, 1, 5, 1, 1, 1, 0, 3, 1, 3, 7, 2, 6]",geometric,1000,0.99,0.001,999.7169714362108,1000,2048,geom_decay,25,888,0.23464179039001465
32,48.0,64,0.03221617598319426,"[6, 2, 7, 2, 6, 3, 7, 7, 2, 4, 5, 6, 7, 1, 5, 6, 5, 6, 0, 3, 2, 0, 6, 2, 6]",geometric,1000,0.99,0.001,999.6762690236378,1000,2048,geom_decay,25,888,0.23464179039001465
64,49.0,128,0.03839486598735675,"[2, 2, 4, 2, 7, 3, 0, 0, 4, 0, 5, 7, 7, 2, 6, 6, 2, 2, 0, 6, 5, 6, 6, 3, 6]",geometric,1000,0.99,0.001,999.6141931443893,1000,2048,geom_decay,25,888,0.23464179039001465
128,42.0,256,0.05175978702027351,"[2, 6, 6, 2, 1, 2, 2, 2, 7, 5, 0, 0, 1, 0, 5, 0, 4, 5, 5, 4, 2, 0, 0, 2, 1]",geometric,1000,0.99,0.001,999.4799320389885,1000,2048,geom_decay,25,888,0.23464179039001465
256,47.0,512,0.08371377101866528,"[4, 2, 1, 6, 2, 5, 3, 3, 2, 0, 4, 2, 5, 5, 5, 5, 5, 4, 5, 1, 0, 5, 2, 2, 0]",geometric,1000,0.99,0.001,999.1590023226439,1000,2048,geom_decay,25,888,0.23464179039001465
512,46.0,1016,0.1891862089978531,"[5, 4, 3, 5, 4, 3, 0, 3, 1, 3, 5, 2, 4, 3, 6, 5, 0, 3, 6, 5, 2, 3, 7, 7, 4]",geometric,1000,0.99,0.001,998.1004215479405,1000,2048,geom_decay,25,888,0.23464179039001465
1024,55.0,1234,0.22659008397022262,"[5, 3, 2, 0, 5, 7, 2, 6, 2, 0, 1, 1, 7, 7, 1, 4, 1, 0, 7, 4, 4, 1, 3, 7, 1]",geometric,1000,0.99,0.001,997.7252846500693,1000,2048,geom_decay,25,888,0.23464179039001465
2048,55.0,1234,0.22659008397022262,"[5, 3, 2, 0, 5, 7, 2, 6, 2, 0, 1, 1, 7, 7, 1, 4, 1, 0, 7, 4, 4, 1, 3, 7, 1]",geometric,1000,0.99,0.001,997.7252846500693,1000,2048,geom_decay,25,888,0.23464179039001465
0,47.0,0,0.00015991099644452333,"[2, 5, 5, 1, 4, 1, 6, 6, 5, 2, 5, 1, 6, 1, 3, 6, 1, 3, 7, 6, 0, 2, 1, 3, 5]",geometric,1000,0.99,0.001,999.9983928420706,1000,2048,geom_decay,25,12345,0.09892702102661133
1,46.0,2,0.0015461299917660654,"[2, 5, 5, 1, 4, 1, 6, 6, 5, 2, 1, 1, 6, 1, 3, 6, 1, 3, 7, 6, 0, 2, 1, 3, 5]",geometric,1000,0.99,0.001,999.9844609950411,1000,2048,geom_decay,25,12345,0.09892702102661133
2,45.0,4,0.0028835239936597645,"[2, 5, 5, 1, 4, 1, 6, 3, 5, 2, 1, 1, 6, 1, 3, 6, 1, 3, 7, 6, 0, 2, 1, 3, 5]",geometric,1000,0.99,0.001,999.9710200353493,1000,2048,geom_decay,25,12345,0.09892702102661133
4,46.0,8,0.004489329003263265,"[2, 3, 5, 1, 4, 1, 6, 3, 5, 2, 1, 1, 6, 1, 3, 6, 1, 3, 7, 6, 0, 2, 1, 3, 6]",geometric,1000,0.99,0.001,999.954881753619,1000,2048,geom_decay,25,12345,0.09892702102661133
8,47.0,16,0.0062198410159908235,"[4, 3, 5, 1, 4, 2, 6, 3, 5, 2, 1, 1, 6, 1, 3, 6, 1, 4, 7, 6, 0, 2, 1, 3, 6]",geometric,1000,0.99,0.001,999.9374904626364,1000,2048,geom_decay,25,12345,0.09892702102661133
16,47.0,32,0.00865099800284952,"[4, 3, 5, 1, 4, 2, 0, 3, 6, 2, 1, 1, 0, 1, 4, 6, 1, 4, 2, 6, 0, 2, 1, 3, 6]",geometric,1000,0.99,0.001,999.9130583442483,1000,2048,geom_decay,25,12345,0.09892702102661133
32,43.0,64,0.012223443016409874,"[2, 3, 5, 1, 4, 1, 2, 1, 6, 2, 1, 7, 0, 1, 3, 6, 1, 3, 6, 6, 2, 2, 6, 3, 6]",geometric,1000,0.99,0.001,999.8771578381153,1000,2048,geom_decay,25,12345,0.09892702102661133
64,49.0,128,0.017873484001029283,"[4, 1, 4, 7, 4, 4, 7, 5, 0, 7, 7, 4, 3, 6, 0, 2, 1, 1, 1, 5, 2, 5, 6, 5, 0]",geometric,1000,0.99,0.001,999.8203816162313,1000,2048,geom_decay,25,12345,0.09892702102661133
128,51.0,256,0.029124239983502775,"[3, 6, 7, 5, 7, 6, 5, 0, 7, 2, 7, 6, 2, 0, 3, 0, 7, 1, 1, 5, 5, 6, 1, 5, 2]",geometric,1000,0.99,0.001,999.7073344416101,1000,2048,geom_decay,25,12345,0.09892702102661133
256,50.0,512,0.05333634099224582,"[3, 2, 6, 6, 4, 6, 0, 0, 7, 5, 3, 7, 1, 2, 6, 6, 4, 4, 6, 1, 1, 5, 3, 1, 0]",geometric,1000,0.99,0.001,999.4640955079668,1000,2048,geom_decay,25,12345,0.09892702102661133
512,55.0,854,0.0944538870244287,"[6, 5, 6, 7, 2, 2, 6, 0, 2, 4, 4, 7, 2, 6, 5, 1, 5, 3, 6, 6, 0, 1, 3, 4, 7]",geometric,1000,0.99,0.001,999.0511571490651,1000,2048,geom_decay,25,12345,0.09892702102661133
1024,55.0,854,0.0944538870244287,"[6, 5, 6, 7, 2, 2, 6, 0, 2, 4, 4, 7, 2, 6, 5, 1, 5, 3, 6, 6, 0, 1, 3, 4, 7]",geometric,1000,0.99,0.001,999.0511571490651,1000,2048,geom_decay,25,12345,0.09892702102661133
2048,55.0,854,0.0944538870244287,"[6, 5, 6, 7, 2, 2, 6, 0, 2, 4, 4, 7, 2, 6, 5, 1, 5, 3, 6, 6, 0, 1, 3, 4, 7]",geometric,1000,0.99,0.001,999.0511571490651,1000,2048,geom_decay,25,12345,0.09892702102661133
0,109.0,0,0.0002938599791377783,"[7, 8, 5, 7, 5, 1, 6, 0, 3, 8, 7, 1, 5, 7, 8, 3, 7, 0, 7, 2, 1, 8, 0, 8, 9, 8, 4, 5, 4, 9, 1, 8, 2, 0, 7, 2, 8, 0, 5, 6, 3, 8, 7, 2, 1, 3, 5, 3, 9, 2]",geometric,250,0.99,0.001,249.99926165321926,250,2048,geom_decay,50,55,0.3421189785003662
1,108.0,2,0.0020532049820758402,"[7, 8, 5, 7, 5, 1, 6, 0, 3, 8, 7, 1, 5, 7, 8, 3, 7, 0, 7, 2, 1, 8, 0, 8, 0, 8, 4, 5, 4, 9, 1, 8, 2, 0, 7, 2, 8, 0, 5, 6, 3, 8, 7, 2, 1, 3, 5, 3, 9, 2]",geometric,250,0.99,0.001,249.99484120331562,250,2048,geom_decay,50,55,0.3421189785003662
2,108.0,4,0.0036299320054240525,"[7, 8, 5, 7, 5, 1, 6, 0, 3, 8, 7, 3, 5, 7, 8, 3, 7, 0, 7, 2, 1, 8, 0, 8, 0, 8, 4, 5, 4, 9, 1, 8, 2, 0, 7, 2, 8, 0, 5, 6, 3, 8, 7, 2, 1, 3, 5, 3, 9, 2]",geometric,250,0.99,0.001,249.99087965742038,250,2048,geom_decay,50,55,0.3421189785003662
4,109.0,8,0.005504084983840585,"[7, 8, 5, 7, 5, 1, 6, 0, 3, 8, 7, 3, 5, 7, 8, 3, 7, 0, 7, 2, 1, 4, 0, 8, 0, 8, 4, 5, 4, 9, 1, 8, 2, 0, 7, 2, 8, 0, 5, 6, 3, 8, 2, 2, 1, 3, 5, 3, 9, 2]",geometric,250,0.99,0.001,249.98617090683828,250,2048,geom_decay,50,55,0.3421189785003662
8,110.0,16,0.007816787983756512,"[7, 8, 5, 8, 5, 1, 6, 0, 3, 8, 4, 3, 5, 7, 8, 3, 7, 0, 7, 0, 3, 4, 0, 8, 0, 8, 4, 5, 4, 9, 1, 8, 2, 0, 7, 2, 8, 0, 5, 6, 3, 8, 2, 2, 1, 3, 5, 3, 9, 2]",geometric,250,0.99,0.001,249.9803604353323,250,2048,geom_decay,50,55,0.3421189785003662
16,110.0,32,0.011054545000661165,"[7, 8, 5, 8, 5, 4, 7, 3, 3, 8, 4, 3, 5, 7, 8, 3, 7, 0, 7, 0, 3, 4, 0, 8, 0, 8, 4, 5, 4, 8, 1, 8, 2, 1, 7, 2, 8, 0, 2, 6, 3, 8, 2, 2, 1, 0, 5, 3, 9, 2]",geometric,250,0.99,0.001,249.97222607040553,250,2048,geom_decay,50,55,0.3421189785003662
32,107.0,64,0.01570530002936721,"[7, 8, 8, 8, 5, 4, 7, 3, 5, 2, 4, 7, 5, 4, 8, 3, 7, 1, 7, 5, 0, 4, 0, 8, 1, 1, 4, 5, 4, 8, 1, 8, 2, 1, 7, 3, 0, 0, 2, 6, 3, 8, 2, 8, 1, 0, 1, 3, 9, 3]",geometric,250,0.99,0.001,249.96054222916524,250,2048,geom_decay,50,55,0.3421189785003662
64,109.0,128,0.024292950984090567,"[4, 8, 9, 8, 5, 7, 7, 3, 5, 2, 4, 1, 5, 4, 2, 7, 7, 1, 4, 4, 0, 4, 9, 8, 8, 1, 6, 5, 6, 8, 1, 8, 6, 0, 4, 3, 0, 7, 2, 6, 3, 0, 3, 4, 4, 2, 1, 7, 5, 0]",geometric,250,0.99,0.001,249.93896937162214,250,2048,geom_decay,50,55,0.3421189785003662
128,110.0,256,0.04063293698709458,"[9, 8, 9, 5, 5, 3, 8, 2, 1, 1, 9, 9, 2, 6, 1, 8, 7, 6, 0, 3, 0, 0, 1, 0, 2, 1, 6, 0, 6, 0, 1, 0, 7, 6, 5, 3, 0, 8, 7, 6, 0, 9, 0, 7, 5, 5, 8, 7, 7, 8]",geometric,250,0.99,0.001,249.8979271775372,250,2048,geom_decay,50,55,0.3421189785003662
256,116.0,510,0.07791750400792807,"[9, 0, 1, 1, 7, 3, 4, 2, 4, 2, 1, 3, 1, 0, 5, 2, 7, 0, 7, 9, 5, 0, 1, 9, 5, 7, 6, 4, 1, 3, 2, 7, 7, 1, 3, 9, 8, 5, 4, 6, 0, 5, 4, 6, 8, 6, 9, 0, 8, 8]",geometric,250,0.99,0.001,249.8043023640883,250,2048,geom_decay,50,55,0.3421189785003662
512,115.0,1001,0.17066266102483496,"[0, 7, 8, 3, 7, 6, 4, 0, 7, 7, 5, 0, 3, 8, 1, 2, 1, 8, 2, 0, 9, 9, 0, 6, 8, 3, 8, 6, 3, 0, 4, 2, 1, 0, 3, 2, 1, 2, 7, 6, 5, 6, 7, 7, 7, 4, 5, 8, 3, 2]",geometric,250,0.99,0.001,249.5715632707931,250,2048,geom_decay,50,55,0.3421189785003662
1024,123.0,1625,0.3352866200148128,"[3, 7, 5, 7, 4, 9, 5, 8, 7, 2, 8, 8, 7, 6, 7, 9, 2, 8, 0, 3, 1, 0, 1, 6, 8, 6, 7, 0, 3, 0, 3, 8, 2, 2, 1, 9, 5, 9, 5, 3, 7, 4, 0, 1, 5, 8, 6, 3, 3, 4]",geometric,250,0.99,0.001,249.15898201852755,250,2048,geom_decay,50,55,0.3421189785003662
2048,123.0,1625,0.3352866200148128,"[3, 7, 5, 7, 4, 9, 5, 8, 7, 2, 8, 8, 7, 6, 7, 9, 2, 8, 0, 3, 1, 0, 1, 6, 8, 6, 7, 0, 3, 0, 3, 8, 2, 2, 1, 9, 5, 9, 5, 3, 7, 4, 0, 1, 5, 8, 6, 3, 3, 4]",geometric,250,0.99,0.001,249.15898201852755,250,2048,geom_decay,50,55,0.3421189785003662
0,108.0,0,0.0002700919867493212,"[6, 3, 7, 9, 1, 0, 0, 9, 3, 0, 6, 3, 2, 4, 1, 7, 2, 8, 6, 3, 8, 5, 9, 4, 6, 9, 2, 9, 1, 0, 2, 6, 2, 1, 2, 1, 9, 8, 4, 3, 3, 0, 8, 6, 0, 3, 2, 4, 2, 1]",geometric,250,0.99,0.001,249.99932137212653,250,2048,geom_decay,50,888,0.30619311332702637
1,109.0,2,0.0019021749612875283,"[6, 3, 7, 9, 1, 0, 0, 9, 3, 0, 6, 3, 2, 4, 1, 7, 2, 8, 6, 3, 8, 5, 9, 4, 6, 9, 2, 9, 8, 0, 2, 6, 2, 1, 2, 1, 9, 8, 4, 3, 3, 0, 8, 6, 0, 3, 2, 4, 2, 1]",geometric,250,0.99,0.001,249.99522067138128,250,2048,geom_decay,50,888,0.30619311332702637
2,109.0,4,0.0034658509539440274,"[6, 3, 7, 9, 1, 3, 0, 9, 3, 0, 6, 3, 2, 4, 1, 7, 2, 8, 6, 3, 8, 5, 9, 4, 6, 9, 2, 9, 8, 0, 2, 6, 2, 1, 2, 1, 9, 8, 4, 3, 3, 0, 8, 6, 0, 3, 2, 4, 2, 1]",geometric,250,0.99,0.001,249.99129191013887,250,2048,geom_decay,50,888,0.30619311332702637
4,109.0,8,0.005230177950579673,"[6, 3, 7, 8, 1, 3, 0, 9, 3, 0, 6, 3, 2, 4, 1, 7, 2, 8, 6, 3, 8, 5, 9, 4, 6, 9, 2, 9, 8, 0, 2, 6, 2, 1, 2, 4, 9, 8, 4, 3, 3, 0, 8, 6, 0, 3, 2, 4, 2, 1]",geometric,250,0.99,0.001,249.9868590841352,250,2048,geom_decay,50,888,0.30619311332702637
8,109.0,16,0.007319724943954498,"[6, 3, 7, 8, 1, 3, 7, 9, 3, 0, 6, 3, 2, 4, 1, 7, 2, 8, 6, 3, 8, 5, 9, 5, 6, 9, 2, 9, 8, 0, 2, 6, 2, 1, 2, 4, 9, 8, 4, 3, 3, 5, 8, 6, 0, 3, 2, 4, 2, 6]",geometric,250,0.99,0.001,249.98160925296185,250,2048,geom_decay,50,888,0.30619311332702637
16,108.0,32,0.010291602986399084,"[6, 3, 7, 8, 1, 3, 5, 6, 3, 7, 6, 3, 2, 4, 6, 7, 2, 8, 6, 3, 8, 5, 9, 5, 6, 9, 2, 9, 8, 0, 2, 6, 2, 1, 2, 4, 9, 8, 4, 3, 3, 5, 8, 6, 0, 5, 4, 6, 2, 5]",geometric,250,0.99,0.001,249.9741428206586,250,2048,geom_decay,50,888,0.30619311332702637
32,110.0,64,0.01490972499595955,"[4, 3, 7, 8, 1, 3, 6, 0, 3, 7, 6, 3, 2, 4, 4, 7, 2, 8, 6, 0, 4, 9, 1, 2, 6, 9, 2, 9, 8, 9, 2, 6, 2, 8, 2, 4, 9, 8, 4, 0, 3, 5, 8, 9, 0, 5, 4, 6, 2, 1]",geometric,250,0.99,0.001,249.96254087072992,250,2048,geom_decay,50,888,0.30619311332702637
64,112.0,128,0.025915450998581946,"[4, 3, 7, 0, 2, 3, 6, 7, 3, 5, 6, 8, 2, 4, 4, 9, 2, 8, 4, 0, 2, 3, 1, 4, 1, 2, 7, 4, 8, 9, 6, 6, 2, 8, 9, 4, 9, 8, 8, 0, 0, 0, 8, 9, 5, 9, 4, 6, 6, 8]",geometric,250,0.99,0.001,249.9348937325416,250,2048,geom_decay,50,888,0.30619311332702637
128,106.0,256,0.0459850809420459,"[3, 0, 1, 3, 1, 6, 6, 7, 3, 5, 6, 8, 4, 4, 1, 9, 9, 7, 2, 0, 2, 1, 7, 9, 8, 6, 3, 1, 2, 6, 6, 7, 9, 0, 9, 9, 9, 1, 8, 3, 5, 8, 0, 0, 5, 6, 4, 6, 9, 8]",geometric,250,0.99,0.001,249.88448531857733,250,2048,geom_decay,50,888,0.30619311332702637
256,109.0,511,0.0869349209824577,"[6, 3, 0, 6, 7, 6, 0, 6, 2, 2, 6, 6, 4, 1, 0, 2, 8, 9, 5, 7, 9, 4, 0, 1, 8, 8, 6, 5, 8, 0, 1, 7, 7, 9, 6, 3, 7, 0, 8, 7, 1, 5, 9, 3, 1, 2, 7, 9, 9, 5]",geometric,250,0.99,0.001,249.7816641083521,250,2048,geom_decay,50,888,0.30619311332702637
512,118.0,1008,0.17149364296346903,"[1, 1, 0, 7, 7, 9, 2, 9, 7, 2, 6, 8, 0, 6, 0, 6, 7, 7, 8, 4, 5, 9, 8, 1, 9, 7, 5, 5, 5, 4, 3, 3, 3, 7, 4, 9, 6, 8, 3, 1, 1, 9, 6, 8, 8, 6, 1, 0, 7, 7]",geometric,250,0.99,0.001,249.56947894575657,250,2048,geom_decay,50,888,0.30619311332702637
1024,123.0,1498,0.2995593149680644,"[0, 4, 2, 6, 3, 5, 4, 3, 2, 4, 5, 0, 8, 9, 9, 1, 2, 7, 9, 4, 9, 1, 9, 5, 9, 7, 5, 3, 1, 9, 0, 1, 8, 7, 9, 0, 4, 7, 1, 9, 7, 4, 6, 5, 2, 0, 3, 8, 0, 3]",geometric,250,0.99,0.001,249.2484639509667,250,2048,geom_decay,50,888,0.30619311332702637
2048,123.0,1498,0.2995593149680644,"[0, 4, 2, 6, 3, 5, 4, 3, 2, 4, 5, 0, 8, 9, 9, 1, 2, 7, 9, 4, 9, 1, 9, 5, 9, 7, 5, 3, 1, 9, 0, 1, 8, 7, 9, 0, 4, 7, 1, 9, 7, 4, 6, 5, 2, 0, 3, 8, 0, 3]",geometric,250,0.99,0.001,249.2484639509667,250,2048,geom_decay,50,888,0.30619311332702637
0,111.0,0,0.0002672310220077634,"[2, 5, 1, 4, 9, 5, 2, 1, 6, 1, 9, 7, 6, 0, 2, 9, 1, 2, 6, 7, 7, 7, 8, 7, 1, 7, 4, 0, 3, 5, 7, 3, 1, 5, 2, 5, 3, 8, 5, 2, 5, 3, 0, 6, 8, 0, 5, 6, 8, 9]",geometric,250,0.99,0.001,249.99932856052126,250,2048,geom_decay,50,12345,0.2514657974243164
1,111.0,2,0.001815251016523689,"[2, 5, 1, 4, 9, 5, 2, 1, 6, 1, 9, 7, 6, 0, 2, 9, 1, 2, 2, 7, 7, 7, 8, 7, 1, 7, 4, 0, 3, 5, 7, 3, 1, 5, 2, 5, 3, 8, 5, 2, 5, 3, 0, 6, 8, 0, 5, 6, 8, 9]",geometric,250,0.99,0.001,249.99543907101105,250,2048,geom_decay,50,12345,0.2514657974243164
2,111.0,4,0.0033267419785261154,"[2, 5, 1, 4, 9, 5, 2, 1, 6, 1, 9, 7, 6, 0, 2, 9, 1, 2, 2, 7, 7, 7, 8, 7, 1, 7, 4, 0, 3, 5, 7, 3, 1, 5, 2, 5, 3, 8, 5, 2, 5, 3, 0, 6, 8, 0, 8, 6, 8, 9]",geometric,250,0.99,0.001,249.99164142118926,250,2048,geom_decay,50,12345,0.2514657974243164
4,110.0,8,0.0050535150221548975,"[2, 5, 1, 4, 9, 5, 2, 1, 6, 1, 9, 7, 6, 0, 4, 9, 1, 0, 2, 7, 7, 7, 8, 7, 1, 7, 4, 0, 3, 5, 7, 3, 1, 5, 2, 5, 3, 8, 5, 2, 5, 3, 0, 6, 8, 0, 8, 6, 8, 9]",geometric,250,0.99,0.001,249.98730294163815,250,2048,geom_decay,50,12345,0.2514657974243164
8,106.0,16,0.007135179010219872,"[7, 5, 1, 4, 9, 9, 2, 1, 6, 1, 9, 7, 6, 0, 4, 9, 1, 0, 2, 7, 7, 7, 5, 7, 1, 7, 4, 0, 3, 5, 7, 3, 1, 5, 2, 5, 3, 8, 5, 2, 5, 3, 0, 6, 5, 0, 8, 6, 8, 9]",geometric,250,0.99,0.001,249.9820729064352,250,2048,geom_decay,50,12345,0.2514657974243164
16,110.0,32,0.010037934989668429,"[9, 6, 1, 4, 9, 9, 2, 1, 6, 1, 9, 2, 6, 0, 4, 9, 1, 0, 2, 7, 8, 7, 5, 7, 1, 7, 4, 0, 3, 5, 7, 3, 1, 5, 2, 5, 3, 6, 5, 2, 5, 3, 0, 6, 2, 3, 8, 0, 8, 9]",geometric,250,0.99,0.001,249.97478011769005,250,2048,geom_decay,50,12345,0.2514657974243164
32,115.0,64,0.014686607988551259,"[9, 5, 4, 4, 7, 3, 2, 1, 6, 1, 9, 2, 2, 5, 4, 2, 1, 0, 2, 7, 8, 7, 0, 7, 4, 7, 4, 0, 3, 5, 8, 3, 5, 7, 2, 5, 9, 6, 5, 2, 5, 3, 9, 6, 2, 3, 8, 0, 8, 9]",geometric,250,0.99,0.001,249.96310138757474,250,2048,geom_decay,50,12345,0.2514657974243164
64,107.0,127,0.02273534901905805,"[9, 0, 1, 1, 7, 3, 2, 1, 6, 1, 9, 2, 7, 1, 4, 9, 1, 1, 8, 1, 8, 7, 0, 7, 4, 0, 7, 8, 3, 5, 8, 6, 0, 1, 4, 5, 5, 2, 5, 2, 5, 3, 0, 2, 2, 9, 2, 0, 4, 9]",geometric,250,0.99,0.001,249.94288205256683,250,2048,geom_decay,50,12345,0.2514657974243164
128,105.0,255,0.0385740710189566,"[9, 0, 2, 2, 6, 3, 2, 1, 6, 7, 9, 3, 7, 6, 1, 7, 0, 1, 8, 7, 6, 1, 3, 2, 2, 0, 7, 2, 2, 5, 6, 8, 4, 1, 4, 9, 6, 2, 6, 4, 8, 8, 0, 1, 1, 3, 7, 5, 6, 9]",geometric,250,0.99,0.001,249.90309819253048,250,2048,geom_decay,50,12345,0.2514657974243164
256,108.0,510,0.07350604597013444,"[3, 0, 1, 3, 5, 1, 5, 3, 6, 7, 3, 5, 8, 2, 1, 0, 7, 1, 6, 2, 1, 5, 1, 8, 9, 1, 8, 7, 2, 8, 0, 3, 8, 1, 4, 5, 6, 5, 4, 9, 0, 1, 3, 5, 2, 0, 1, 6, 4, 1]",geometric,250,0.99,0.001,249.81537809176297,250,2048,geom_decay,50,12345,0.2514657974243164
512,116.0,998,0.15688471001340076,"[6, 9, 2, 6, 4, 3, 8, 0, 8, 4, 6, 1, 7, 5, 5, 2, 3, 0, 9, 8, 4, 6, 7, 3, 3, 7, 9, 0, 4, 6, 2, 9, 5, 4, 6, 3, 3, 9, 1, 0, 3, 0, 3, 3, 2, 6, 8, 8, 1, 4]",geometric,250,0.99,0.001,249.6061245954689,250,2048,geom_decay,50,12345,0.2514657974243164
1024,123.0,1376,0.2458041759673506,"[6, 8, 1, 8, 9, 7, 8, 4, 2, 9, 7, 1, 5, 2, 8, 8, 4, 2, 4, 0, 2, 4, 6, 7, 7, 2, 5, 0, 9, 7, 5, 8, 0, 0, 0, 3, 5, 4, 7, 1, 2, 9, 3, 7, 1, 7, 8, 9, 3, 0]",geometric,250,0.99,0.001,249.3831586100103,250,2048,geom_decay,50,12345,0.2514657974243164
2048,123.0,1376,0.2458041759673506,"[6, 8, 1, 8, 9, 7, 8, 4, 2, 9, 7, 1, 5, 2, 8, 8, 4, 2, 4, 0, 2, 4, 6, 7, 7, 2, 5, 0, 9, 7, 5, 8, 0, 0, 0, 3, 5, 4, 7, 1, 2, 9, 3, 7, 1, 7, 8, 9, 3, 0]",geometric,250,0.99,0.001,249.3831586100103,250,2048,geom_decay,50,12345,0.2514657974243164
0,206.0,0,0.00037887803046032786,"[7, 8, 5, 7, 5, 1, 6, 0, 3, 8, 7, 1, 5, 7, 8, 3, 7, 0, 7, 2, 1, 8, 0, 8, 9, 8, 4, 5, 4, 9, 1, 8, 2, 0, 7, 2, 8, 0, 5, 6, 3, 8, 7, 2, 1, 3, 5, 3, 9, 2, 8, 0, 3, 2, 1, 2, 0, 5, 4, 3, 7, 4, 2, 0, 8, 3, 0, 0, 9, 4, 6, 9, 6, 5, 3, 5, 1, 7, 5, 9, 3, 6, 2, 2, 6, 0, 8, 1, 7, 2, 9, 1, 0, 9, 1, 7, 1, 2, 3, 4]",geometric,750,0.99,0.001,749.9971441168472,750,2048,geom_decay,100,55,0.7785501480102539
1,205.0,2,0.002112896996550262,"[7, 8, 5, 7, 5, 1, 6, 0, 3, 8, 7, 1, 5, 7, 8, 3, 7, 0, 7, 2, 1, 8, 0, 8, 9, 8, 4, 5, 4, 9, 1, 8, 2, 0, 7, 2, 8, 0, 5, 6, 3, 8, 7, 2, 1, 3, 5, 3, 9, 2, 8, 0, 3, 2, 1, 2, 0, 5, 4, 3, 7, 4, 2, 0, 8, 3, 8, 0, 9, 4, 6, 9, 6, 5, 3, 5, 1, 7, 5, 9, 3, 6, 2, 2, 6, 0, 8, 1, 7, 2, 9, 1, 0, 9, 1, 7, 1, 2, 3, 4]",geometric,750,0.99,0.001,749.9840736757716,750,2048,geom_decay,100,55,0.7785501480102539
2,205.0,4,0.003777646052185446,"[7, 8, 5, 7, 5, 1, 6, 0, 3, 8, 7, 1, 5, 7, 8, 3, 7, 0, 7, 2, 1, 8, 0, 8, 9, 8, 4, 5, 4, 9, 1, 8, 2, 0, 7, 2, 8, 0, 5, 6, 3, 8, 7, 2, 1, 3, 5, 3, 9, 2, 8, 0, 3, 2, 1, 2, 0, 5, 4, 3, 7, 4, 2, 0, 8, 3, 8, 0, 9, 4, 6, 9, 6, 5, 3, 5, 1, 7, 5, 9, 3, 6, 2, 2, 6, 0, 8, 1, 7, 2, 9, 1, 0, 9, 1, 7, 1, 2, 3, 2]",geometric,750,0.99,0.001,749.9715255818719,750,2048,geom_decay,100,55,0.7785501480102539
4,202.0,8,0.005804311018437147,"[7, 8, 5, 7, 5, 1, 6, 0, 3, 8, 7, 1, 5, 7, 8, 3, 7, 0, 7, 2, 1, 8, 0, 8, 9, 8, 4, 5, 4, 9, 1, 8, 2, 0, 7, 2, 8, 0, 5, 6, 3, 8, 7, 2, 1, 3, 5, 3, 9, 2, 8, 0, 3, 2, 1, 2, 0, 5, 4, 3, 7, 4, 2, 0, 8, 3, 8, 0, 9, 4, 6, 9, 6, 5, 3, 7, 1, 7, 4, 9, 3, 6, 2, 2, 6, 0, 8, 1, 7, 2, 9, 1, 0, 9, 1, 7, 1, 2, 3, 2]",geometric,750,0.99,0.001,749.9562498197517,750,2048,geom_decay,100,55,0.7785501480102539
8,201.0,16,0.008528431004378945,"[7, 8, 5, 7, 5, 1, 6, 0, 3, 8, 7, 1, 5, 7, 8, 3, 7, 0, 7, 5, 1, 8, 0, 8, 0, 8, 4, 5, 4, 9, 1, 8, 2, 0, 7, 2, 8, 0, 5, 6, 3, 8, 7, 2, 1, 3, 1, 3, 9, 2, 8, 0, 3, 2, 1, 2, 0, 5, 4, 3, 7, 4, 2, 0, 8, 3, 8, 0, 9, 4, 6, 9, 6, 5, 3, 7, 1, 7, 4, 9, 3, 6, 2, 2, 6, 0, 8, 1, 7, 2, 9, 1, 0, 9, 1, 7, 7, 2, 3, 2]",geometric,750,0.99,0.001,749.9357175580559,750,2048,geom_decay,100,55,0.7785501480102539
16,201.0,32,0.012531076034065336,"[7, 8, 5, 7, 5, 1, 6, 0, 3, 8, 7, 1, 5, 7, 8, 3, 7, 0, 7, 5, 1, 8, 0, 8, 0, 8, 4, 5, 4, 9, 1, 8, 2, 0, 7, 2, 8, 0, 9, 6, 3, 8, 7, 2, 2, 3, 1, 3, 0, 2, 8, 0, 3, 2, 1, 2, 0, 5, 4, 3, 7, 4, 2, 0, 8, 3, 8, 0, 9, 4, 6, 9, 6, 5, 3, 7, 2, 7, 4, 9, 3, 6, 2, 2, 0, 0, 8, 1, 7, 2, 9, 1, 0, 7, 1, 7, 7, 3, 9, 2]",geometric,750,0.99,0.001,749.9055498056644,750,2048,geom_decay,100,55,0.7785501480102539
32,198.0,64,0.019417969044297934,"[7, 8, 5, 7, 5, 1, 6, 0, 3, 0, 7, 1, 8, 7, 8, 3, 7, 0, 7, 5, 1, 8, 0, 8, 0, 8, 4, 4, 6, 9, 1, 8, 2, 0, 7, 2, 8, 0, 9, 4, 3, 8, 1, 2, 2, 1, 4, 3, 0, 0, 8, 0, 3, 2, 1, 2, 0, 5, 4, 3, 1, 4, 2, 0, 8, 3, 8, 0, 9, 7, 6, 9, 6, 5, 3, 7, 2, 7, 4, 9, 3, 6, 2, 5, 0, 0, 8, 1, 7, 2, 9, 6, 0, 7, 3, 7, 7, 3, 4, 2]",geometric,750,0.99,0.001,749.8536464485666,750,2048,geom_decay,100,55,0.7785501480102539
64,203.0,128,0.032240707019809633,"[7, 8, 9, 5, 5, 6, 6, 5, 3, 9, 7, 1, 3, 7, 1, 3, 7, 0, 7, 9, 1, 4, 0, 8, 7, 8, 4, 4, 6, 2, 1, 2, 2, 0, 7, 2, 9, 7, 9, 1, 3, 8, 1, 5, 2, 1, 8, 3, 0, 4, 8, 8, 3, 2, 2, 2, 0, 5, 4, 3, 1, 4, 2, 0, 8, 2, 8, 0, 9, 7, 6, 9, 6, 5, 3, 1, 4, 7, 2, 7, 3, 6, 2, 5, 0, 0, 9, 1, 7, 2, 9, 6, 0, 7, 3, 7, 7, 0, 4, 2]",geometric,750,0.99,0.001,749.7570169187443,750,2048,geom_decay,100,55,0.7785501480102539
128,214.0,256,0.056408962002024055,"[7, 8, 7, 5, 5, 6, 6, 6, 0, 9, 0, 1, 3, 5, 5, 3, 7, 0, 7, 9, 1, 0, 9, 9, 6, 8, 4, 4, 6, 5, 1, 2, 1, 0, 4, 4, 6, 8, 9, 1, 0, 5, 8, 4, 2, 1, 0, 3, 0, 4, 9, 9, 8, 2, 5, 7, 0, 5, 9, 3, 1, 4, 7, 0, 9, 2, 2, 8, 8, 7, 8, 9, 6, 5, 4, 1, 2, 5, 2, 8, 8, 6, 5, 0, 0, 9, 9, 0, 7, 4, 9, 0, 0, 7, 3, 7, 7, 6, 3, 2]",geometric,750,0.99,0.001,749.5749237454652,750,2048,geom_decay,100,55,0.7785501480102539
256,206.0,511,0.11054982303176075,"[2, 8, 8, 5, 1, 6, 6, 2, 0, 3, 4, 1, 5, 2, 6, 0, 7, 0, 6, 4, 5, 0, 6, 2, 5, 8, 9, 4, 6, 8, 9, 3, 8, 0, 4, 5, 6, 0, 8, 7, 0, 7, 6, 8, 9, 1, 4, 6, 8, 9, 6, 5, 8, 9, 9, 1, 6, 8, 3, 0, 8, 1, 1, 0, 6, 2, 1, 1, 5, 8, 2, 5, 4, 5, 4, 2, 6, 6, 2, 8, 8, 7, 5, 3, 2, 5, 9, 2, 7, 4, 2, 0, 9, 7, 3, 1, 7, 6, 1, 9]",geometric,750,0.99,0.001,749.1671656138377,750,2048,geom_decay,100,55,0.7785501480102539
512,219.0,1014,0.22892192105064169,"[2, 1, 3, 5, 7, 7, 0, 7, 7, 3, 8, 2, 3, 6, 6, 2, 1, 3, 4, 0, 1, 1, 9, 6, 2, 0, 9, 6, 3, 0, 3, 4, 3, 9, 8, 0, 4, 7, 8, 3, 6, 0, 6, 8, 2, 7, 0, 8, 4, 1, 1, 8, 0, 3, 8, 3, 4, 5, 1, 8, 7, 0, 4, 8, 9, 8, 7, 0, 4, 0, 8, 5, 8, 2, 3, 6, 2, 9, 8, 6, 2, 1, 7, 8, 9, 5, 8, 2, 9, 3, 7, 2, 6, 0, 2, 1, 1, 4, 6, 1]",geometric,750,0.99,0.001,748.2764268659223,750,2048,geom_decay,100,55,0.7785501480102539
1024,229.0,1888,0.5205361670232378,"[4, 8, 3, 6, 6, 1, 7, 7, 8, 3, 4, 5, 8, 1, 7, 9, 5, 5, 7, 8, 5, 0, 5, 5, 7, 6, 9, 0, 3, 5, 4, 6, 9, 1, 7, 7, 4, 1, 1, 1, 4, 4, 9, 6, 0, 9, 5, 4, 5, 0, 3, 1, 7, 8, 3, 9, 0, 7, 3, 9, 9, 3, 4, 6, 8, 9, 7, 5, 2, 3, 7, 4, 3, 7, 2, 3, 3, 3, 7, 6, 2, 4, 3, 4, 9, 1, 2, 4, 2, 2, 9, 7, 6, 0, 8, 6, 3, 2, 0, 2]",geometric,750,0.99,0.001,746.0865731189978,750,2048,geom_decay,100,55,0.7785501480102539
2048,230.0,2438,0.7693284060223959,"[0, 4, 1, 1, 3, 0, 6, 1, 1, 2, 5, 7, 9, 1, 0, 8, 5, 5, 2, 7, 0, 0, 2, 9, 2, 9, 2, 7, 3, 8, 6, 0, 5, 1, 7, 3, 6, 2, 3, 0, 8, 9, 5, 8, 8, 9, 2, 9, 7, 0, 7, 8, 4, 2, 2, 9, 3, 8, 4, 2, 9, 3, 6, 6, 5, 5, 7, 8, 5, 4, 6, 2, 3, 5, 4, 1, 8, 3, 9, 8, 0, 9, 4, 4, 0, 5, 3, 0, 4, 3, 3, 2, 6, 0, 4, 4, 3, 2, 0, 5]",geometric,750,0.99,0.001,744.2233546690229,750,2048,geom_decay,100,55,0.7785501480102539
0,210.0,0,0.00038711202796548605,"[6, 3, 7, 9, 1, 0, 0, 9, 3, 0, 6, 3, 2, 4, 1, 7, 2, 8, 6, 3, 8, 5, 9, 4, 6, 9, 2, 9, 1, 0, 2, 6, 2, 1, 2, 1, 9, 8, 4, 3, 3, 0, 8, 6, 0, 3, 2, 4, 2, 1, 9, 7, 5, 2, 8, 3, 3, 3, 8, 1, 7, 4, 8, 4, 1, 5, 0, 6, 6, 7, 9, 4, 9, 9, 6, 0, 5, 7, 7, 6, 9, 5, 9, 4, 3, 5, 2, 1, 5, 4, 7, 6, 8, 2, 4, 8, 7, 0, 4, 7]",geometric,750,0.99,0.001,749.9970820512558,750,2048,geom_decay,100,888,0.5050821304321289
1,210.0,2,0.0021519369911402464,"[4, 3, 7, 9, 1, 0, 0, 9, 3, 0, 6, 3, 2, 4, 1, 7, 2, 8, 6, 3, 8, 5, 9, 4, 6, 9, 2, 9, 1, 0, 2, 6, 2, 1, 2, 1, 9, 8, 4, 3, 3, 0, 8, 6, 0, 3, 2, 4, 2, 1, 9, 7, 5, 2, 8, 3, 3, 3, 8, 1, 7, 4, 8, 4, 1, 5, 0, 6, 6, 7, 9, 4, 9, 9, 6, 0, 5, 7, 7, 6, 9, 5, 9, 4, 3, 5, 2, 1, 5, 4, 7, 6, 8, 2, 4, 8, 7, 0, 4, 7]",geometric,750,0.99,0.001,749.9837794082852,750,2048,geom_decay,100,888,0.5050821304321289
2,211.0,4,0.003939980990253389,"[4, 3, 7, 9, 1, 0, 0, 9, 3, 0, 6, 3, 2, 4, 1, 7, 2, 8, 6, 3, 8, 9, 9, 4, 6, 9, 2, 9, 1, 0, 2, 6, 2, 1, 2, 1, 9, 8, 4, 3, 3, 0, 8, 6, 0, 3, 2, 4, 2, 1, 9, 7, 5, 2, 8, 3, 3, 3, 8, 1, 7, 4, 8, 4, 1, 5, 0, 6, 6, 7, 9, 4, 9, 9, 6, 0, 5, 7, 7, 6, 9, 5, 9, 4, 3, 5, 2, 1, 5, 4, 7, 6, 8, 2, 4, 8, 7, 0, 4, 7]",geometric,750,0.99,0.001,749.9703019888404,750,2048,geom_decay,100,888,0.5050821304321289
4,212.0,8,0.00596526003209874,"[4, 3, 7, 9, 1, 0, 0, 9, 3, 0, 6, 3, 2, 4, 1, 7, 2, 8, 6, 3, 8, 9, 9, 4, 6, 9, 2, 9, 1, 0, 2, 6, 2, 1, 2, 1, 9, 8, 4, 3, 3, 0, 8, 6, 0, 0, 2, 4, 2, 1, 9, 7, 5, 2, 8, 3, 3, 3, 8, 1, 7, 4, 8, 4, 4, 5, 0, 6, 6, 7, 9, 4, 9, 9, 6, 0, 5, 7, 7, 6, 9, 5, 9, 4, 3, 5, 2, 1, 5, 4, 7, 6, 8, 2, 4, 8, 7, 0, 4, 7]",geometric,750,0.99,0.001,749.9550366977709,750,2048,geom_decay,100,888,0.5050821304321289
8,212.0,16,0.008742117031943053,"[4, 3, 7, 9, 1, 0, 0, 9, 3, 0, 6, 9, 2, 4, 1, 7, 2, 8, 6, 3, 8, 9, 9, 2, 6, 9, 2, 9, 1, 0, 2, 6, 2, 1, 2, 1, 9, 8, 4, 3, 3, 0, 8, 6, 0, 0, 3, 4, 2, 1, 9, 7, 5, 2, 8, 3, 3, 3, 8, 1, 7, 4, 8, 4, 4, 0, 0, 6, 6, 7, 9, 4, 9, 9, 6, 0, 5, 7, 7, 6, 9, 5, 9, 4, 3, 5, 2, 1, 5, 4, 7, 6, 8, 2, 4, 8, 7, 0, 4, 7]",geometric,750,0.99,0.001,749.9341069855813,750,2048,geom_decay,100,888,0.5050821304321289
16,209.0,32,0.012785995029844344,"[4, 3, 7, 9, 1, 0, 6, 9, 3, 9, 6, 9, 2, 4, 1, 7, 2, 8, 6, 3, 8, 9, 9, 2, 6, 9, 2, 9, 1, 0, 2, 6, 2, 8, 2, 1, 9, 8, 4, 0, 3, 0, 8, 6, 0, 0, 3, 4, 2, 2, 9, 7, 5, 2, 8, 3, 3, 3, 8, 1, 7, 4, 8, 4, 4, 0, 0, 6, 6, 7, 9, 4, 9, 9, 6, 0, 5, 7, 4, 6, 9, 5, 9, 4, 5, 5, 2, 1, 5, 4, 7, 6, 8, 9, 4, 8, 7, 0, 4, 7]",geometric,750,0.99,0.001,749.9036285339668,750,2048,geom_decay,100,888,0.5050821304321289
32,210.0,64,0.019492536026518792,"[2, 3, 7, 9, 1, 9, 6, 9, 3, 9, 6, 9, 2, 4, 4, 7, 2, 8, 6, 3, 8, 9, 9, 4, 7, 9, 9, 9, 1, 0, 6, 6, 2, 8, 2, 8, 9, 8, 4, 0, 9, 0, 8, 6, 0, 0, 3, 4, 2, 3, 9, 6, 5, 2, 8, 3, 3, 3, 8, 1, 7, 4, 8, 4, 4, 0, 0, 0, 6, 7, 5, 5, 9, 9, 6, 0, 5, 7, 4, 6, 7, 5, 9, 4, 5, 5, 2, 1, 5, 4, 6, 6, 8, 9, 4, 8, 7, 0, 4, 7]",geometric,750,0.99,0.001,749.8530844910467,750,2048,geom_decay,100,888,0.5050821304321289
64,207.0,128,0.031890626007225364,"[2, 3, 7, 9, 2, 9, 6, 9, 3, 9, 6, 0, 2, 4, 4, 7, 2, 8, 6, 3, 2, 9, 9, 4, 6, 6, 9, 4, 7, 0, 2, 6, 2, 8, 2, 8, 9, 8, 4, 6, 9, 0, 8, 6, 0, 1, 3, 4, 5, 3, 9, 6, 3, 2, 0, 3, 3, 3, 8, 1, 7, 4, 8, 2, 8, 0, 5, 0, 6, 7, 5, 5, 8, 9, 6, 6, 5, 7, 4, 4, 7, 5, 9, 6, 5, 1, 2, 1, 5, 3, 6, 6, 8, 9, 4, 8, 7, 4, 4, 7]",geometric,750,0.99,0.001,749.75965489228,750,2048,geom_decay,100,888,0.5050821304321289
128,206.0,256,0.05626091698650271,"[4, 3, 2, 3, 8, 9, 4, 9, 2, 2, 6, 3, 2, 0, 1, 7, 0, 3, 6, 3, 8, 9, 9, 6, 8, 5, 6, 1, 1, 1, 2, 6, 9, 8, 9, 7, 9, 6, 4, 6, 0, 4, 6, 3, 0, 1, 5, 4, 5, 3, 9, 4, 3, 2, 0, 4, 3, 3, 1, 4, 5, 4, 7, 2, 8, 0, 1, 0, 6, 5, 5, 5, 8, 5, 6, 6, 5, 7, 4, 4, 1, 5, 9, 6, 5, 1, 4, 4, 5, 3, 2, 6, 7, 0, 2, 8, 7, 9, 4, 7]",geometric,750,0.99,0.001,749.5760390404187,750,2048,geom_decay,100,888,0.5050821304321289
256,205.0,512,0.10689928801730275,"[7, 3, 0, 6, 6, 9, 8, 5, 2, 2, 6, 0, 2, 0, 8, 5, 0, 3, 0, 3, 9, 4, 6, 1, 6, 2, 6, 1, 1, 7, 1, 5, 1, 8, 7, 7, 6, 9, 7, 8, 0, 4, 0, 1, 4, 5, 9, 4, 4, 4, 9, 9, 7, 2, 0, 4, 7, 8, 7, 3, 7, 1, 7, 8, 9, 0, 8, 6, 5, 5, 0, 2, 8, 5, 8, 7, 5, 1, 4, 4, 1, 5, 1, 6, 5, 9, 3, 4, 9, 8, 2, 2, 8, 3, 4, 5, 7, 0, 6, 9]",geometric,750,0.99,0.001,749.1946523893258,750,2048,geom_decay,100,888,0.5050821304321289
512,206.0,1022,0.22338653699262068,"[5, 0, 1, 8, 7, 9, 6, 5, 7, 2, 5, 8, 2, 6, 0, 7, 7, 0, 8, 6, 5, 4, 6, 9, 7, 6, 8, 5, 1, 8, 3, 9, 5, 6, 9, 6, 2, 3, 9, 7, 0, 9, 5, 4, 9, 1, 8, 4, 0, 7, 2, 8, 2, 2, 1, 1, 0, 0, 7, 4, 2, 5, 4, 7, 1, 3, 1, 7, 5, 3, 2, 0, 7, 8, 4, 4, 1, 9, 3, 4, 6, 3, 9, 9, 5, 7, 5, 3, 9, 0, 3, 8, 5, 8, 1, 8, 8, 2, 3, 5]",geometric,750,0.99,0.001,748.3180564889082,750,2048,geom_decay,100,888,0.5050821304321289
1024,230.0,1829,0.49750101601239294,"[0, 8, 9, 3, 3, 2, 7, 1, 6, 2, 0, 0, 2, 1, 7, 5, 2, 6, 7, 9, 6, 8, 6, 1, 4, 6, 3, 2, 3, 0, 1, 8, 2, 3, 7, 6, 2, 7, 6, 5, 8, 4, 5, 3, 3, 7, 1, 5, 0, 4, 2, 9, 2, 4, 0, 6, 4, 7, 1, 1, 1, 7, 6, 6, 6, 1, 2, 9, 3, 2, 5, 5, 0, 3, 2, 9, 1, 1, 5, 9, 7, 6, 6, 6, 1, 5, 7, 4, 7, 7, 8, 7, 4, 9, 0, 1, 8, 2, 3, 2]",geometric,750,0.99,0.001,746.2593203663552,750,2048,geom_decay,100,888,0.5050821304321289
2048,230.0,1829,0.49750101601239294,"[0, 8, 9, 3, 3, 2, 7, 1, 6, 2, 0, 0, 2, 1, 7, 5, 2, 6, 7, 9, 6, 8, 6, 1, 4, 6, 3, 2, 3, 0, 1, 8, 2, 3, 7, 6, 2, 7, 6, 5, 8, 4, 5, 3, 3, 7, 1, 5, 0, 4, 2, 9, 2, 4, 0, 6, 4, 7, 1, 1, 1, 7, 6, 6, 6, 1, 2, 9, 3, 2, 5, 5, 0, 3, 2, 9, 1, 1, 5, 9, 7, 6, 6, 6, 1, 5, 7, 4, 7, 7, 8, 7, 4, 9, 0, 1, 8, 2, 3, 2]",geometric,750,0.99,0.001,746.2593203663552,750,2048,geom_decay,100,888,0.5050821304321289
0,206.0,0,0.0003756759688258171,"[2, 5, 1, 4, 9, 5, 2, 1, 6, 1, 9, 7, 6, 0, 2, 9, 1, 2, 6, 7, 7, 7, 8, 7, 1, 7, 4, 0, 3, 5, 7, 3, 1, 5, 2, 5, 3, 8, 5, 2, 5, 3, 0, 6, 8, 0, 5, 6, 8, 9, 2, 2, 2, 9, 7, 5, 7, 1, 0, 9, 3, 0, 3, 0, 6, 2, 1, 5, 8, 6, 5, 1, 0, 5, 8, 2, 9, 4, 7, 9, 5, 2, 4, 8, 2, 5, 6, 5, 9, 6, 1, 9, 5, 0, 8, 8, 2, 0, 2, 0]",geometric,750,0.99,0.001,749.9971682531018,750,2048,geom_decay,100,12345,0.5088508129119873
1,204.0,2,0.0022001219913363457,"[2, 5, 1, 4, 9, 5, 2, 1, 6, 1, 9, 7, 6, 0, 2, 9, 1, 2, 6, 7, 7, 7, 8, 7, 1, 7, 4, 0, 3, 5, 7, 3, 1, 5, 2, 5, 3, 8, 5, 2, 5, 3, 0, 6, 8, 0, 5, 6, 8, 9, 2, 2, 2, 9, 7, 5, 7, 1, 0, 9, 3, 0, 3, 0, 6, 2, 1, 5, 8, 6, 5, 1, 0, 5, 8, 2, 9, 4, 7, 9, 5, 2, 4, 8, 2, 5, 5, 5, 9, 6, 1, 9, 5, 0, 8, 8, 2, 0, 2, 0]",geometric,750,0.99,0.001,749.983416209652,750,2048,geom_decay,100,12345,0.5088508129119873
2,204.0,4,0.003917088964954019,"[2, 5, 1, 4, 9, 5, 2, 1, 6, 1, 9, 7, 6, 0, 2, 9, 1, 2, 6, 7, 7, 7, 8, 7, 1, 7, 4, 0, 3, 5, 7, 3, 1, 5, 2, 5, 3, 8, 5, 2, 5, 3, 0, 6, 8, 0, 5, 6, 8, 9, 2, 2, 2, 9, 7, 5, 7, 1, 0, 9, 3, 0, 3, 0, 6, 2, 1, 5, 8, 6, 5, 1, 0, 5, 8, 2, 9, 4, 7, 9, 5, 2, 4, 8, 2, 5, 5, 5, 9, 6, 1, 9, 5, 0, 8, 8, 2, 0, 8, 0]",geometric,750,0.99,0.001,749.9704745364345,750,2048,geom_decay,100,12345,0.5088508129119873
4,205.0,8,0.00603699596831575,"[2, 5, 1, 7, 9, 5, 2, 1, 6, 1, 9, 7, 6, 5, 2, 9, 1, 2, 6, 7, 7, 7, 8, 7, 1, 7, 4, 0, 3, 5, 7, 3, 1, 5, 2, 5, 3, 8, 5, 2, 5, 3, 0, 6, 8, 0, 5, 6, 8, 9, 2, 2, 2, 9, 7, 5, 7, 1, 0, 9, 3, 0, 3, 0, 6, 2, 1, 5, 8, 6, 5, 1, 0, 5, 8, 2, 9, 4, 7, 9, 5, 2, 4, 8, 2, 5, 5, 5, 9, 6, 1, 9, 5, 0, 8, 8, 2, 0, 8, 0]",geometric,750,0.99,0.001,749.9544960026941,750,2048,geom_decay,100,12345,0.5088508129119873
8,205.0,16,0.008812974963802844,"[2, 5, 4, 7, 9, 5, 2, 1, 6, 1, 9, 7, 6, 5, 2, 9, 1, 2, 6, 7, 7, 7, 8, 7, 4, 7, 4, 0, 3, 5, 7, 3, 1, 5, 2, 5, 3, 8, 5, 2, 5, 4, 0, 6, 8, 0, 5, 6, 8, 9, 2, 2, 2, 9, 7, 5, 7, 1, 0, 9, 3, 0, 3, 0, 6, 6, 1, 5, 8, 6, 5, 1, 0, 5, 8, 2, 9, 4, 7, 9, 5, 2, 4, 8, 2, 5, 5, 5, 9, 6, 1, 9, 5, 0, 8, 8, 2, 0, 8, 0]",geometric,750,0.99,0.001,749.9335729231871,750,2048,geom_decay,100,12345,0.5088508129119873
16,206.0,32,0.012841528980061412,"[2, 5, 4, 7, 9, 5, 2, 1, 6, 1, 9, 8, 2, 5, 2, 9, 1, 2, 6, 7, 7, 7, 8, 7, 4, 0, 4, 0, 3, 5, 7, 3, 1, 5, 2, 5, 3, 8, 5, 2, 5, 4, 9, 6, 8, 0, 5, 6, 8, 9, 2, 2, 2, 6, 7, 5, 7, 1, 0, 9, 3, 0, 7, 0, 6, 6, 1, 5, 8, 6, 5, 1, 0, 5, 8, 2, 9, 4, 7, 9, 5, 2, 4, 8, 2, 5, 5, 5, 9, 9, 1, 9, 5, 0, 8, 8, 6, 0, 8, 0]",geometric,750,0.99,0.001,749.9032099867336,750,2048,geom_decay,100,12345,0.5088508129119873
32,203.0,64,0.01964092900743708,"[2, 5, 4, 1, 9, 5, 2, 1, 6, 0, 9, 8, 2, 5, 2, 9, 1, 0, 6, 7, 7, 7, 8, 7, 4, 0, 4, 0, 3, 5, 7, 3, 1, 5, 2, 5, 3, 2, 1, 2, 5, 4, 3, 6, 8, 8, 2, 6, 4, 9, 2, 6, 2, 6, 7, 5, 7, 1, 0, 9, 9, 0, 7, 0, 2, 6, 1, 5, 8, 6, 5, 1, 0, 5, 8, 2, 9, 4, 7, 9, 7, 2, 4, 8, 2, 5, 5, 5, 9, 9, 8, 9, 5, 0, 8, 5, 6, 0, 8, 0]",geometric,750,0.99,0.001,749.8519661615179,750,2048,geom_decay,100,12345,0.5088508129119873
64,203.0,128,0.03226580400951207,"[2, 5, 4, 0, 9, 4, 2, 1, 6, 0, 9, 8, 2, 1, 1, 9, 7, 9, 6, 7, 7, 7, 8, 7, 1, 0, 4, 0, 3, 5, 7, 3, 0, 5, 8, 5, 3, 2, 1, 2, 5, 4, 9, 2, 8, 8, 2, 6, 4, 2, 2, 6, 2, 9, 7, 5, 7, 8, 0, 9, 9, 2, 7, 0, 2, 6, 2, 5, 8, 6, 5, 1, 0, 5, 8, 2, 9, 4, 7, 9, 7, 2, 8, 3, 2, 1, 5, 5, 2, 0, 8, 9, 5, 0, 8, 5, 1, 0, 4, 0]",geometric,750,0.99,0.001,749.7568278051749,750,2048,geom_decay,100,12345,0.5088508129119873
128,204.0,256,0.056308783008717,"[2, 5, 4, 2, 9, 4, 5, 1, 6, 9, 9, 8, 7, 1, 5, 9, 0, 9, 6, 6, 7, 9, 7, 2, 4, 8, 4, 4, 3, 5, 7, 9, 0, 5, 7, 8, 6, 2, 1, 2, 4, 7, 0, 2, 8, 8, 2, 3, 4, 3, 2, 6, 2, 9, 7, 5, 7, 4, 0, 9, 6, 2, 7, 0, 3, 4, 0, 5, 5, 6, 5, 1, 6, 2, 5, 3, 9, 0, 7, 3, 7, 2, 8, 1, 7, 2, 5, 5, 0, 3, 8, 4, 4, 7, 8, 0, 8, 9, 4, 9]",geometric,750,0.99,0.001,749.5756784422607,750,2048,geom_decay,100,12345,0.5088508129119873
256,207.0,512,0.10716941900318488,"[3, 3, 4, 4, 9, 1, 5, 1, 3, 9, 3, 1, 2, 1, 5, 1, 5, 9, 9, 3, 3, 6, 7, 2, 6, 8, 4, 4, 8, 6, 0, 9, 0, 1, 7, 5, 0, 0, 9, 3, 4, 1, 3, 9, 1, 7, 2, 6, 4, 2, 1, 0, 5, 2, 4, 8, 3, 0, 1, 1, 6, 9, 0, 6, 3, 6, 1, 8, 0, 3, 5, 1, 6, 8, 9, 6, 7, 1, 8, 8, 7, 2, 1, 6, 1, 1, 4, 9, 6, 6, 0, 2, 7, 8, 0, 3, 0, 9, 4, 3]",geometric,750,0.99,0.001,749.1926183981815,750,2048,geom_decay,100,12345,0.5088508129119873
512,215.0,1017,0.22477659600554034,"[2, 5, 1, 2, 1, 6, 1, 5, 7, 4, 4, 2, 3, 9, 5, 1, 7, 7, 1, 4, 0, 6, 7, 7, 8, 7, 2, 3, 4, 4, 5, 5, 2, 2, 3, 5, 9, 1, 4, 4, 2, 7, 3, 3, 9, 5, 5, 8, 1, 0, 3, 7, 5, 7, 5, 7, 8, 5, 1, 8, 7, 4, 0, 6, 1, 9, 3, 9, 3, 4, 4, 9, 4, 8, 7, 9, 7, 2, 8, 1, 3, 6, 9, 6, 7, 2, 1, 4, 0, 8, 9, 9, 9, 5, 7, 7, 4, 9, 3, 3]",geometric,750,0.99,0.001,748.3076021396755,750,2048,geom_decay,100,12345,0.5088508129119873
1024,230.0,1879,0.5015515559935011,"[0, 6, 3, 1, 1, 7, 6, 7, 6, 9, 6, 0, 2, 8, 6, 5, 3, 4, 8, 7, 0, 9, 6, 6, 4, 5, 4, 1, 4, 9, 6, 4, 8, 9, 8, 5, 4, 0, 9, 4, 1, 1, 9, 6, 4, 3, 7, 1, 7, 9, 3, 4, 3, 5, 7, 7, 3, 7, 8, 5, 2, 6, 4, 8, 8, 6, 2, 8, 5, 0, 5, 8, 1, 2, 6, 1, 9, 2, 1, 3, 5, 3, 7, 7, 8, 6, 5, 1, 3, 5, 3, 8, 8, 4, 9, 9, 3, 2, 3, 9]",geometric,750,0.99,0.001,746.2289412997173,750,2048,geom_decay,100,12345,0.5088508129119873
2048,230.0,1879,0.5015515559935011,"[0, 6, 3, 1, 1, 7, 6, 7, 6, 9, 6, 0, 2, 8, 6, 5, 3, 4, 8, 7, 0, 9, 6, 6, 4, 5, 4, 1, 4, 9, 6, 4, 8, 9, 8, 5, 4, 0, 9, 4, 1, 1, 9, 6, 4, 3, 7, 1, 7, 9, 3, 4, 3, 5, 7, 7, 3, 7, 8, 5, 2, 6, 4, 8, 8, 6, 2, 8, 5, 0, 5, 8, 1, 2, 6, 1, 9, 2, 1, 3, 5, 3, 7, 7, 8, 6, 5, 1, 3, 5, 3, 8, 8, 4, 9, 9, 3, 2, 3, 9]",geometric,750,0.99,0.001,746.2289412997173,750,2048,geom_decay,100,12345,0.5088508129119873
