Iteration,Fitness,FEvals,Time,State,schedule_type,schedule_init_temp,schedule_exp_const,schedule_min_temp,schedule_current_value,Temperature,max_iters,Decay_Type,Problem_Size,Seed,Wall_Clock_Time
0,48.0,0,0.0003104819916188717,"[5, 2, 7, 0, 5, 5, 5, 5, 7, 5, 3, 1, 6, 0, 3, 6, 6, 5, 5, 6, 4, 0, 7, 7, 7]",exponential,1000,0.005,0.001,999.9984475912469,1000,2048,exp_decay,25,55,0.7846078872680664
1,47.0,2,0.0024498570128344,"[5, 6, 7, 0, 5, 5, 5, 5, 7, 5, 3, 1, 6, 0, 3, 6, 6, 5, 5, 6, 4, 0, 7, 7, 7]",exponential,1000,0.005,0.001,999.987750789958,1000,2048,exp_decay,25,55,0.7846078872680664
2,49.0,4,0.004733776033390313,"[5, 6, 7, 0, 5, 5, 5, 5, 7, 5, 3, 1, 6, 0, 3, 6, 6, 5, 5, 2, 4, 0, 7, 7, 7]",exponential,1000,0.005,0.001,999.9763313999388,1000,2048,exp_decay,25,55,0.7846078872680664
4,48.0,8,0.006831653008703142,"[7, 6, 7, 0, 5, 5, 5, 6, 7, 5, 3, 1, 6, 0, 3, 6, 6, 5, 5, 2, 4, 0, 7, 7, 7]",exponential,1000,0.005,0.001,999.9658423183434,1000,2048,exp_decay,25,55,0.7846078872680664
8,48.0,16,0.009635024005547166,"[7, 6, 7, 0, 5, 5, 5, 6, 7, 4, 3, 1, 5, 0, 0, 6, 6, 5, 1, 2, 4, 0, 7, 7, 7]",exponential,1000,0.005,0.001,999.9518260403747,1000,2048,exp_decay,25,55,0.7846078872680664
16,47.0,32,0.01327094400767237,"[7, 5, 7, 0, 5, 5, 5, 2, 7, 4, 7, 1, 5, 7, 0, 6, 5, 5, 7, 2, 4, 0, 7, 3, 7]",exponential,1000,0.005,0.001,999.9336474813873,1000,2048,exp_decay,25,55,0.7846078872680664
32,45.0,64,0.027836833032779396,"[7, 2, 1, 7, 2, 3, 6, 2, 7, 4, 2, 1, 5, 4, 7, 6, 5, 5, 7, 2, 6, 4, 7, 6, 7]",exponential,1000,0.005,0.001,999.8608255205027,1000,2048,exp_decay,25,55,0.7846078872680664
64,48.0,128,0.07934545999160036,"[1, 2, 5, 7, 0, 3, 4, 2, 7, 6, 4, 6, 5, 4, 1, 6, 6, 5, 4, 2, 2, 1, 7, 0, 6]",exponential,1000,0.005,0.001,999.6033513859113,1000,2048,exp_decay,25,55,0.7846078872680664
128,52.0,256,0.11287535598967224,"[4, 3, 0, 2, 0, 7, 7, 1, 5, 1, 0, 0, 3, 6, 4, 6, 2, 7, 4, 4, 6, 2, 5, 7, 1]",exponential,1000,0.005,0.001,999.4357824506698,1000,2048,exp_decay,25,55,0.7846078872680664
256,51.0,512,0.18937725602881983,"[2, 1, 1, 6, 6, 6, 5, 7, 0, 7, 2, 5, 6, 3, 5, 5, 5, 0, 2, 1, 2, 2, 0, 4, 6]",exponential,1000,0.005,0.001,999.0535618752077,1000,2048,exp_decay,25,55,0.7846078872680664
512,51.0,1024,0.26367074402514845,"[6, 2, 5, 1, 4, 1, 1, 1, 3, 6, 0, 1, 0, 2, 2, 7, 7, 7, 2, 5, 6, 3, 2, 5, 1]",exponential,1000,0.005,0.001,998.6825149263702,1000,2048,exp_decay,25,55,0.7846078872680664
1024,50.0,2029,0.4978742339881137,"[5, 3, 7, 6, 3, 2, 5, 7, 3, 0, 0, 7, 4, 6, 1, 7, 5, 4, 3, 6, 7, 0, 2, 3, 2]",exponential,1000,0.005,0.001,997.513724744977,1000,2048,exp_decay,25,55,0.7846078872680664
2048,55.0,2763,0.7747641400201246,"[6, 0, 7, 7, 7, 1, 2, 0, 2, 6, 1, 1, 0, 4, 0, 7, 4, 4, 2, 7, 5, 7, 4, 3, 6]",exponential,1000,0.005,0.001,996.1336728639436,1000,2048,exp_decay,25,55,0.7846078872680664
0,49.0,0,0.0001823300262913108,"[6, 2, 5, 7, 6, 3, 7, 6, 1, 4, 5, 1, 0, 5, 4, 0, 1, 3, 0, 6, 2, 3, 2, 2, 6]",exponential,1000,0.005,0.001,999.9990883502841,1000,2048,exp_decay,25,888,0.5172791481018066
1,48.0,2,0.0019993900205008686,"[6, 2, 5, 7, 6, 3, 7, 6, 1, 4, 5, 1, 0, 5, 4, 0, 1, 3, 0, 6, 1, 3, 2, 2, 6]",exponential,1000,0.005,0.001,999.9900030998668,1000,2048,exp_decay,25,888,0.5172791481018066
2,49.0,4,0.003812431008554995,"[6, 2, 5, 7, 6, 3, 7, 6, 7, 4, 5, 1, 0, 5, 4, 0, 1, 3, 0, 6, 1, 3, 2, 2, 6]",exponential,1000,0.005,0.001,999.9809380266389,1000,2048,exp_decay,25,888,0.5172791481018066
4,49.0,8,0.005612323991954327,"[6, 2, 5, 4, 6, 3, 7, 6, 7, 4, 5, 1, 0, 5, 5, 0, 1, 3, 0, 6, 1, 3, 2, 2, 6]",exponential,1000,0.005,0.001,999.9719387737638,1000,2048,exp_decay,25,888,0.5172791481018066
8,49.0,16,0.007660445990040898,"[6, 0, 6, 4, 6, 3, 7, 6, 7, 4, 5, 1, 0, 1, 5, 0, 1, 3, 0, 6, 1, 3, 7, 2, 6]",exponential,1000,0.005,0.001,999.9616985035709,1000,2048,exp_decay,25,888,0.5172791481018066
16,50.0,32,0.01056372799212113,"[6, 2, 7, 2, 6, 3, 7, 6, 7, 4, 5, 0, 3, 1, 5, 1, 1, 1, 0, 3, 1, 3, 7, 2, 6]",exponential,1000,0.005,0.001,999.9471827549193,1000,2048,exp_decay,25,888,0.5172791481018066
32,48.0,64,0.014470939990133047,"[6, 2, 7, 2, 6, 3, 7, 7, 2, 4, 5, 6, 7, 1, 5, 6, 5, 6, 0, 3, 2, 0, 6, 2, 6]",exponential,1000,0.005,0.001,999.9276479175875,1000,2048,exp_decay,25,888,0.5172791481018066
64,49.0,128,0.020736258011311293,"[2, 2, 4, 2, 7, 3, 0, 0, 4, 0, 5, 7, 7, 2, 6, 6, 2, 2, 0, 6, 5, 6, 6, 3, 6]",exponential,1000,0.005,0.001,999.8963240846626,1000,2048,exp_decay,25,888,0.5172791481018066
128,42.0,256,0.03230165800778195,"[2, 6, 6, 2, 1, 2, 2, 2, 7, 5, 0, 0, 1, 0, 5, 0, 4, 5, 5, 4, 2, 0, 0, 2, 1]",exponential,1000,0.005,0.001,999.8385047517229,1000,2048,exp_decay,25,888,0.5172791481018066
256,47.0,512,0.05753382801776752,"[4, 2, 1, 6, 2, 5, 3, 3, 2, 0, 4, 2, 5, 5, 5, 5, 5, 4, 5, 1, 0, 5, 2, 2, 0]",exponential,1000,0.005,0.001,999.7123722327109,1000,2048,exp_decay,25,888,0.5172791481018066
512,45.0,1023,0.1271863940055482,"[4, 4, 4, 4, 4, 3, 0, 0, 3, 6, 6, 2, 1, 1, 0, 1, 0, 2, 5, 5, 2, 3, 2, 7, 4]",exponential,1000,0.005,0.001,999.3642701918515,1000,2048,exp_decay,25,888,0.5172791481018066
1024,44.0,2037,0.37372773099923506,"[5, 1, 6, 3, 7, 3, 5, 6, 2, 3, 3, 6, 0, 1, 5, 0, 2, 6, 2, 6, 7, 2, 5, 2, 2]",exponential,1000,0.005,0.001,998.1331061632345,1000,2048,exp_decay,25,888,0.5172791481018066
2048,55.0,2286,0.5059720610151999,"[5, 0, 2, 4, 2, 5, 1, 4, 0, 3, 5, 7, 1, 0, 0, 0, 2, 7, 1, 4, 6, 2, 2, 3, 4]",exponential,1000,0.005,0.001,997.4733370946124,1000,2048,exp_decay,25,888,0.5172791481018066
0,47.0,0,0.0003824049490503967,"[2, 5, 5, 1, 4, 1, 6, 6, 5, 2, 5, 1, 6, 1, 3, 6, 1, 3, 7, 6, 0, 2, 1, 3, 5]",exponential,1000,0.005,0.001,999.9980879770827,1000,2048,exp_decay,25,12345,0.19717812538146973
1,46.0,2,0.00262666295748204,"[2, 5, 5, 1, 4, 1, 6, 6, 5, 2, 1, 1, 6, 1, 3, 6, 1, 3, 7, 6, 0, 2, 1, 3, 5]",exponential,1000,0.005,0.001,999.9868667714542,1000,2048,exp_decay,25,12345,0.19717812538146973
2,45.0,4,0.0051397839561104774,"[2, 5, 5, 1, 4, 1, 6, 3, 5, 2, 1, 1, 6, 1, 3, 6, 1, 3, 7, 6, 0, 2, 1, 3, 5]",exponential,1000,0.005,0.001,999.9743014104339,1000,2048,exp_decay,25,12345,0.19717812538146973
4,46.0,8,0.008846824988722801,"[2, 3, 5, 1, 4, 1, 6, 3, 5, 2, 1, 1, 6, 1, 3, 6, 1, 3, 7, 6, 0, 2, 1, 3, 6]",exponential,1000,0.005,0.001,999.9557668533708,1000,2048,exp_decay,25,12345,0.19717812538146973
8,47.0,16,0.011903738952241838,"[4, 3, 5, 1, 4, 2, 6, 3, 5, 2, 1, 1, 6, 1, 3, 6, 1, 4, 7, 6, 0, 2, 1, 3, 6]",exponential,1000,0.005,0.001,999.9404830764411,1000,2048,exp_decay,25,12345,0.19717812538146973
16,47.0,32,0.0166983479866758,"[4, 3, 5, 1, 4, 2, 0, 3, 6, 2, 1, 1, 0, 1, 4, 6, 1, 4, 2, 6, 0, 2, 1, 3, 6]",exponential,1000,0.005,0.001,999.9165117454049,1000,2048,exp_decay,25,12345,0.19717812538146973
32,43.0,64,0.021044185967184603,"[2, 3, 5, 1, 4, 1, 2, 1, 6, 2, 1, 7, 0, 1, 3, 6, 1, 3, 6, 6, 2, 2, 6, 3, 6]",exponential,1000,0.005,0.001,999.8947846056919,1000,2048,exp_decay,25,12345,0.19717812538146973
64,49.0,128,0.036726968945004046,"[4, 1, 4, 7, 4, 4, 7, 5, 0, 7, 7, 4, 3, 6, 0, 2, 1, 1, 1, 5, 2, 5, 6, 5, 0]",exponential,1000,0.005,0.001,999.816382015121,1000,2048,exp_decay,25,12345,0.19717812538146973
128,51.0,256,0.061482592951506376,"[3, 6, 7, 5, 7, 6, 5, 0, 7, 2, 7, 6, 2, 0, 3, 0, 7, 1, 1, 5, 5, 6, 1, 5, 2]",exponential,1000,0.005,0.001,999.6926342817663,1000,2048,exp_decay,25,12345,0.19717812538146973
256,50.0,512,0.09386036498472095,"[3, 2, 6, 6, 4, 6, 0, 0, 7, 5, 3, 7, 1, 2, 6, 6, 4, 4, 6, 1, 1, 5, 3, 1, 0]",exponential,1000,0.005,0.001,999.530808279953,1000,2048,exp_decay,25,12345,0.19717812538146973
512,55.0,854,0.1912104319781065,"[6, 5, 6, 7, 2, 2, 6, 0, 2, 4, 4, 7, 2, 6, 5, 1, 5, 3, 6, 6, 0, 1, 3, 4, 7]",exponential,1000,0.005,0.001,999.0444047123663,1000,2048,exp_decay,25,12345,0.19717812538146973
1024,55.0,854,0.1912104319781065,"[6, 5, 6, 7, 2, 2, 6, 0, 2, 4, 4, 7, 2, 6, 5, 1, 5, 3, 6, 6, 0, 1, 3, 4, 7]",exponential,1000,0.005,0.001,999.0444047123663,1000,2048,exp_decay,25,12345,0.19717812538146973
2048,55.0,854,0.1912104319781065,"[6, 5, 6, 7, 2, 2, 6, 0, 2, 4, 4, 7, 2, 6, 5, 1, 5, 3, 6, 6, 0, 1, 3, 4, 7]",exponential,1000,0.005,0.001,999.0444047123663,1000,2048,exp_decay,25,12345,0.19717812538146973
0,109.0,0,0.00027553498512133956,"[7, 8, 5, 7, 5, 1, 6, 0, 3, 8, 7, 1, 5, 7, 8, 3, 7, 0, 7, 2, 1, 8, 0, 8, 9, 8, 4, 5, 4, 9, 1, 8, 2, 0, 7, 2, 8, 0, 5, 6, 3, 8, 7, 2, 1, 3, 5, 3, 9, 2]",exponential,250,0.005,0.001,249.99965558150586,250,2048,exp_decay,50,55,0.7619099617004395
1,108.0,2,0.0024663960211910307,"[7, 8, 5, 7, 5, 1, 6, 0, 3, 8, 7, 1, 5, 7, 8, 3, 7, 0, 7, 2, 1, 8, 0, 8, 0, 8, 4, 5, 4, 9, 1, 8, 2, 0, 7, 2, 8, 0, 5, 6, 3, 8, 7, 2, 1, 3, 5, 3, 9, 2]",exponential,250,0.005,0.001,249.99691702398317,250,2048,exp_decay,50,55,0.7619099617004395
2,108.0,4,0.004322057997342199,"[7, 8, 5, 7, 5, 1, 6, 0, 3, 8, 7, 3, 5, 7, 8, 3, 7, 0, 7, 2, 1, 8, 0, 8, 0, 8, 4, 5, 4, 9, 1, 8, 2, 0, 7, 2, 8, 0, 5, 6, 3, 8, 7, 2, 1, 3, 5, 3, 9, 2]",exponential,250,0.005,0.001,249.9945974858785,250,2048,exp_decay,50,55,0.7619099617004395
4,109.0,8,0.006548847013618797,"[7, 8, 5, 7, 5, 1, 6, 0, 3, 8, 7, 3, 5, 7, 8, 3, 7, 0, 7, 2, 1, 4, 0, 8, 0, 8, 4, 5, 4, 9, 1, 8, 2, 0, 7, 2, 8, 0, 5, 6, 3, 8, 2, 2, 1, 3, 5, 3, 9, 2]",exponential,250,0.005,0.001,249.99181407525464,250,2048,exp_decay,50,55,0.7619099617004395
8,110.0,16,0.009188074036501348,"[7, 8, 5, 8, 5, 1, 6, 0, 3, 8, 4, 3, 5, 7, 8, 3, 7, 0, 7, 0, 3, 4, 0, 8, 0, 8, 4, 5, 4, 9, 1, 8, 2, 0, 7, 2, 8, 0, 5, 6, 3, 8, 2, 2, 1, 3, 5, 3, 9, 2]",exponential,250,0.005,0.001,249.98851517126502,250,2048,exp_decay,50,55,0.7619099617004395
16,110.0,32,0.012744127016048878,"[7, 8, 5, 8, 5, 4, 7, 3, 3, 8, 4, 3, 5, 7, 8, 3, 7, 0, 7, 0, 3, 4, 0, 8, 0, 8, 4, 5, 4, 8, 1, 8, 2, 1, 7, 2, 8, 0, 2, 6, 3, 8, 2, 2, 1, 0, 5, 3, 9, 2]",exponential,250,0.005,0.001,249.98407034875908,250,2048,exp_decay,50,55,0.7619099617004395
32,107.0,64,0.018676381034310907,"[7, 8, 8, 8, 5, 4, 7, 3, 5, 2, 4, 7, 5, 4, 8, 3, 7, 1, 7, 5, 0, 4, 0, 8, 1, 1, 4, 5, 4, 8, 1, 8, 2, 1, 7, 3, 0, 0, 2, 6, 3, 8, 2, 8, 1, 0, 1, 3, 9, 3]",exponential,250,0.005,0.001,249.9766556136957,250,2048,exp_decay,50,55,0.7619099617004395
64,109.0,128,0.029359309992287308,"[4, 8, 9, 8, 5, 7, 7, 3, 5, 2, 4, 1, 5, 4, 2, 7, 7, 1, 4, 4, 0, 4, 9, 8, 8, 1, 6, 5, 6, 8, 1, 8, 6, 0, 4, 3, 0, 7, 2, 6, 3, 0, 3, 4, 4, 2, 1, 7, 5, 0]",exponential,250,0.005,0.001,249.9633035560312,250,2048,exp_decay,50,55,0.7619099617004395
128,110.0,256,0.04835414100671187,"[9, 8, 9, 5, 5, 3, 8, 2, 1, 1, 9, 9, 2, 6, 1, 8, 7, 6, 0, 3, 0, 0, 1, 0, 2, 1, 6, 0, 6, 0, 1, 0, 7, 6, 5, 3, 0, 8, 7, 6, 0, 9, 0, 7, 5, 5, 8, 7, 7, 8]",exponential,250,0.005,0.001,249.93956462978704,250,2048,exp_decay,50,55,0.7619099617004395
256,114.0,512,0.08780803100671619,"[9, 4, 1, 1, 7, 3, 4, 2, 4, 1, 1, 3, 1, 0, 5, 2, 7, 0, 7, 9, 5, 0, 1, 9, 5, 7, 6, 4, 1, 3, 2, 7, 7, 1, 3, 4, 8, 5, 4, 6, 0, 5, 4, 6, 1, 6, 9, 0, 8, 8]",exponential,250,0.005,0.001,249.89026405224803,250,2048,exp_decay,50,55,0.7619099617004395
512,110.0,1023,0.22766032698564231,"[0, 7, 5, 0, 9, 3, 4, 0, 2, 5, 8, 0, 5, 1, 8, 0, 3, 4, 3, 3, 8, 9, 7, 7, 1, 2, 8, 7, 5, 1, 4, 4, 1, 0, 3, 0, 1, 7, 7, 7, 2, 0, 6, 7, 9, 3, 4, 8, 3, 1]",exponential,250,0.005,0.001,249.71558649615645,250,2048,exp_decay,50,55,0.7619099617004395
1024,119.0,2016,0.6231069680070505,"[6, 7, 7, 0, 6, 8, 1, 4, 2, 7, 3, 6, 0, 2, 8, 0, 4, 8, 2, 4, 5, 0, 2, 4, 7, 0, 7, 8, 3, 1, 5, 5, 9, 2, 1, 5, 3, 1, 8, 0, 4, 4, 2, 3, 1, 9, 5, 4, 9, 7]",exponential,250,0.005,0.001,249.22232835059287,250,2048,exp_decay,50,55,0.7619099617004395
2048,123.0,2349,0.7544283880270086,"[4, 8, 1, 5, 9, 6, 0, 0, 5, 8, 8, 5, 1, 9, 8, 9, 8, 5, 4, 7, 5, 3, 7, 3, 5, 1, 8, 3, 9, 2, 6, 3, 6, 2, 0, 6, 1, 2, 8, 0, 3, 0, 3, 0, 4, 3, 7, 4, 2, 7]",exponential,250,0.005,0.001,249.05874091250845,250,2048,exp_decay,50,55,0.7619099617004395
0,108.0,0,0.00026565900770947337,"[6, 3, 7, 9, 1, 0, 0, 9, 3, 0, 6, 3, 2, 4, 1, 7, 2, 8, 6, 3, 8, 5, 9, 4, 6, 9, 2, 9, 1, 0, 2, 6, 2, 1, 2, 1, 9, 8, 4, 3, 3, 0, 8, 6, 0, 3, 2, 4, 2, 1]",exponential,250,0.005,0.001,249.99966792646092,250,2048,exp_decay,50,888,0.6116540431976318
1,109.0,2,0.0028443849878385663,"[6, 3, 7, 9, 1, 0, 0, 9, 3, 0, 6, 3, 2, 4, 1, 7, 2, 8, 6, 3, 8, 5, 9, 4, 6, 9, 2, 9, 8, 0, 2, 6, 2, 1, 2, 1, 9, 8, 4, 3, 3, 0, 8, 6, 0, 3, 2, 4, 2, 1]",exponential,250,0.005,0.001,249.996444544048,250,2048,exp_decay,50,888,0.6116540431976318
2,109.0,4,0.0047386299702338874,"[6, 3, 7, 9, 1, 3, 0, 9, 3, 0, 6, 3, 2, 4, 1, 7, 2, 8, 6, 3, 8, 5, 9, 4, 6, 9, 2, 9, 8, 0, 2, 6, 2, 1, 2, 1, 9, 8, 4, 3, 3, 0, 8, 6, 0, 3, 2, 4, 2, 1]",exponential,250,0.005,0.001,249.99407678270734,250,2048,exp_decay,50,888,0.6116540431976318
4,109.0,8,0.006639087980147451,"[6, 3, 7, 8, 1, 3, 0, 9, 3, 0, 6, 3, 2, 4, 1, 7, 2, 8, 6, 3, 8, 5, 9, 4, 6, 9, 2, 9, 8, 0, 2, 6, 2, 1, 2, 4, 9, 8, 4, 3, 3, 0, 8, 6, 0, 3, 2, 4, 2, 1]",exponential,250,0.005,0.001,249.99170127776543,250,2048,exp_decay,50,888,0.6116540431976318
8,109.0,16,0.009278126002755016,"[6, 3, 7, 8, 1, 3, 7, 9, 3, 0, 6, 3, 2, 4, 1, 7, 2, 8, 6, 3, 8, 5, 9, 5, 6, 9, 2, 9, 8, 0, 2, 6, 2, 1, 2, 4, 9, 8, 4, 3, 3, 5, 8, 6, 0, 3, 2, 4, 2, 6]",exponential,250,0.005,0.001,249.98840261150372,250,2048,exp_decay,50,888,0.6116540431976318
16,108.0,32,0.013294498960021883,"[6, 3, 7, 8, 1, 3, 5, 6, 3, 7, 6, 3, 2, 4, 6, 7, 2, 8, 6, 3, 8, 5, 9, 5, 6, 9, 2, 9, 8, 0, 2, 6, 2, 1, 2, 4, 9, 8, 4, 3, 3, 5, 8, 6, 0, 5, 4, 6, 2, 5]",exponential,250,0.005,0.001,249.9833824286118,250,2048,exp_decay,50,888,0.6116540431976318
32,110.0,64,0.01898854796309024,"[4, 3, 7, 8, 1, 3, 6, 0, 3, 7, 6, 3, 2, 4, 4, 7, 2, 8, 6, 0, 4, 9, 1, 2, 6, 9, 2, 9, 8, 9, 2, 6, 2, 8, 2, 4, 9, 8, 4, 0, 3, 5, 8, 9, 0, 5, 4, 6, 2, 1]",exponential,250,0.005,0.001,249.97626544177595,250,2048,exp_decay,50,888,0.6116540431976318
64,112.0,128,0.028234169993083924,"[4, 3, 7, 0, 2, 3, 6, 7, 3, 5, 6, 8, 2, 4, 4, 9, 2, 8, 4, 0, 2, 3, 1, 4, 1, 2, 7, 4, 8, 9, 6, 6, 2, 8, 9, 4, 9, 8, 8, 0, 0, 0, 8, 9, 5, 9, 4, 6, 6, 8]",exponential,250,0.005,0.001,249.96470977854256,250,2048,exp_decay,50,888,0.6116540431976318
128,106.0,256,0.04662245896179229,"[3, 0, 1, 3, 1, 6, 6, 7, 3, 5, 6, 8, 4, 4, 1, 9, 9, 7, 2, 0, 2, 1, 7, 9, 8, 6, 3, 1, 2, 6, 6, 7, 9, 0, 9, 9, 9, 1, 8, 3, 5, 8, 0, 0, 5, 6, 4, 6, 9, 8]",exponential,250,0.005,0.001,249.94172871843773,250,2048,exp_decay,50,888,0.6116540431976318
256,109.0,511,0.08929682901361957,"[6, 3, 0, 6, 7, 6, 0, 6, 2, 2, 6, 6, 4, 1, 0, 2, 8, 9, 5, 7, 9, 4, 0, 1, 8, 8, 6, 5, 8, 0, 1, 7, 7, 9, 6, 3, 7, 0, 8, 7, 1, 5, 9, 3, 1, 2, 7, 9, 9, 5]",exponential,250,0.005,0.001,249.88840387853628,250,2048,exp_decay,50,888,0.6116540431976318
512,110.0,1021,0.21699991496279836,"[1, 1, 7, 7, 5, 9, 5, 2, 3, 2, 2, 6, 4, 6, 0, 6, 7, 0, 8, 4, 4, 5, 8, 1, 9, 8, 5, 5, 4, 9, 3, 9, 3, 7, 4, 8, 5, 8, 3, 1, 1, 7, 1, 1, 4, 8, 1, 8, 6, 5]",exponential,250,0.005,0.001,249.72889720610027,250,2048,exp_decay,50,888,0.6116540431976318
1024,117.0,2003,0.5437611899687909,"[6, 5, 9, 7, 5, 8, 5, 3, 5, 9, 8, 6, 0, 3, 9, 5, 3, 3, 3, 2, 6, 9, 8, 6, 8, 7, 3, 6, 0, 3, 8, 1, 2, 9, 5, 1, 2, 7, 6, 5, 4, 0, 6, 9, 4, 4, 6, 6, 2, 0]",exponential,250,0.005,0.001,249.32122166395044,250,2048,exp_decay,50,888,0.6116540431976318
2048,123.0,2097,0.6000427599647082,"[6, 5, 9, 7, 9, 2, 4, 8, 7, 9, 5, 4, 0, 4, 1, 6, 3, 3, 3, 2, 8, 4, 8, 6, 8, 7, 3, 6, 0, 1, 5, 1, 2, 2, 5, 0, 2, 5, 6, 5, 5, 0, 6, 2, 9, 4, 6, 6, 0, 1]",exponential,250,0.005,0.001,249.25107058600264,250,2048,exp_decay,50,888,0.6116540431976318
0,111.0,0,0.000520726025570184,"[2, 5, 1, 4, 9, 5, 2, 1, 6, 1, 9, 7, 6, 0, 2, 9, 1, 2, 6, 7, 7, 7, 8, 7, 1, 7, 4, 0, 3, 5, 7, 3, 1, 5, 2, 5, 3, 8, 5, 2, 5, 3, 0, 6, 8, 0, 5, 6, 8, 9]",exponential,250,0.005,0.001,249.9993490933154,250,2048,exp_decay,50,12345,0.9844238758087158
1,111.0,2,0.003921455005183816,"[2, 5, 1, 4, 9, 5, 2, 1, 6, 1, 9, 7, 6, 0, 2, 9, 1, 2, 2, 7, 7, 7, 8, 7, 1, 7, 4, 0, 3, 5, 7, 3, 1, 5, 2, 5, 3, 8, 5, 2, 5, 3, 0, 6, 8, 0, 5, 6, 8, 9]",exponential,250,0.005,0.001,249.99509822929886,250,2048,exp_decay,50,12345,0.9844238758087158
2,111.0,4,0.006814669002778828,"[2, 5, 1, 4, 9, 5, 2, 1, 6, 1, 9, 7, 6, 0, 2, 9, 1, 2, 2, 7, 7, 7, 8, 7, 1, 7, 4, 0, 3, 5, 7, 3, 1, 5, 2, 5, 3, 8, 5, 2, 5, 3, 0, 6, 8, 0, 8, 6, 8, 9]",exponential,250,0.005,0.001,249.991481808869,250,2048,exp_decay,50,12345,0.9844238758087158
4,110.0,8,0.009588662011083215,"[2, 5, 1, 4, 9, 5, 2, 1, 6, 1, 9, 7, 6, 0, 4, 9, 1, 0, 2, 7, 7, 7, 8, 7, 1, 7, 4, 0, 3, 5, 7, 3, 1, 5, 2, 5, 3, 8, 5, 2, 5, 3, 0, 6, 8, 0, 8, 6, 8, 9]",exponential,250,0.005,0.001,249.9880144598017,250,2048,exp_decay,50,12345,0.9844238758087158
8,106.0,16,0.014263886027038097,"[7, 5, 1, 4, 9, 9, 2, 1, 6, 1, 9, 7, 6, 0, 4, 9, 1, 0, 2, 7, 7, 7, 5, 7, 1, 7, 4, 0, 3, 5, 7, 3, 1, 5, 2, 5, 3, 8, 5, 2, 5, 3, 0, 6, 5, 0, 8, 6, 8, 9]",exponential,250,0.005,0.001,249.98217077825873,250,2048,exp_decay,50,12345,0.9844238758087158
16,110.0,32,0.01804458600236103,"[9, 6, 1, 4, 9, 9, 2, 1, 6, 1, 9, 2, 6, 0, 4, 9, 1, 0, 2, 7, 8, 7, 5, 7, 1, 7, 4, 0, 3, 5, 7, 3, 1, 5, 2, 5, 3, 6, 5, 2, 5, 3, 0, 6, 2, 3, 8, 0, 8, 9]",exponential,250,0.005,0.001,249.9774452849886,250,2048,exp_decay,50,12345,0.9844238758087158
32,115.0,64,0.025709039997309446,"[9, 5, 4, 4, 7, 3, 2, 1, 6, 1, 9, 2, 2, 5, 4, 2, 1, 0, 2, 7, 8, 7, 0, 7, 4, 7, 4, 0, 3, 5, 8, 3, 5, 7, 2, 5, 9, 6, 5, 2, 5, 3, 9, 6, 2, 3, 8, 0, 8, 9]",exponential,250,0.005,0.001,249.96786576539841,250,2048,exp_decay,50,12345,0.9844238758087158
64,107.0,127,0.040340467006899416,"[9, 0, 1, 1, 7, 3, 2, 1, 6, 1, 9, 2, 7, 1, 4, 9, 1, 1, 8, 1, 8, 7, 0, 7, 4, 0, 7, 8, 3, 5, 8, 6, 0, 1, 4, 5, 5, 2, 5, 2, 5, 3, 0, 2, 2, 9, 2, 0, 4, 9]",exponential,250,0.005,0.001,249.94957950137848,250,2048,exp_decay,50,12345,0.9844238758087158
128,105.0,255,0.06438054901082069,"[9, 0, 2, 2, 6, 3, 2, 1, 6, 7, 9, 3, 7, 6, 1, 7, 0, 1, 8, 7, 6, 1, 3, 2, 2, 0, 7, 2, 2, 5, 6, 8, 4, 1, 4, 9, 6, 2, 6, 4, 8, 8, 0, 1, 1, 3, 7, 5, 6, 9]",exponential,250,0.005,0.001,249.91953726501893,250,2048,exp_decay,50,12345,0.9844238758087158
256,109.0,511,0.11475157999666408,"[3, 0, 1, 3, 5, 1, 5, 3, 6, 7, 4, 5, 8, 2, 1, 0, 7, 1, 6, 2, 1, 5, 1, 8, 9, 1, 6, 7, 2, 8, 0, 3, 8, 1, 4, 5, 6, 5, 4, 9, 0, 1, 3, 5, 2, 0, 1, 8, 7, 1]",exponential,250,0.005,0.001,249.85660166690127,250,2048,exp_decay,50,12345,0.9844238758087158
512,109.0,1020,0.23870967800030485,"[3, 0, 0, 9, 1, 9, 9, 0, 8, 4, 6, 3, 0, 7, 4, 1, 7, 1, 1, 4, 9, 2, 7, 3, 4, 6, 9, 7, 9, 9, 7, 0, 1, 7, 7, 6, 2, 3, 8, 4, 2, 2, 5, 3, 3, 8, 3, 3, 4, 8]",exponential,250,0.005,0.001,249.70179090139573,250,2048,exp_decay,50,12345,0.9844238758087158
1024,119.0,1996,0.5532735330052674,"[0, 8, 6, 3, 5, 5, 4, 5, 8, 8, 3, 2, 3, 2, 8, 0, 6, 4, 9, 5, 8, 9, 8, 7, 3, 6, 8, 9, 1, 8, 0, 6, 2, 4, 8, 5, 3, 0, 9, 0, 0, 7, 5, 4, 5, 0, 6, 1, 3, 2]",exponential,250,0.005,0.001,249.3093638010091,250,2048,exp_decay,50,12345,0.9844238758087158
2048,123.0,2568,0.9736341350362636,"[5, 8, 2, 4, 6, 6, 9, 0, 0, 4, 2, 4, 0, 2, 7, 7, 1, 8, 1, 8, 8, 7, 7, 3, 2, 9, 1, 5, 3, 3, 4, 2, 2, 6, 5, 0, 7, 6, 4, 7, 0, 9, 3, 6, 2, 3, 5, 8, 6, 2]",exponential,250,0.005,0.001,248.7859149156317,250,2048,exp_decay,50,12345,0.9844238758087158
0,206.0,0,0.0003732970217242837,"[7, 8, 5, 7, 5, 1, 6, 0, 3, 8, 7, 1, 5, 7, 8, 3, 7, 0, 7, 2, 1, 8, 0, 8, 9, 8, 4, 5, 4, 9, 1, 8, 2, 0, 7, 2, 8, 0, 5, 6, 3, 8, 7, 2, 1, 3, 5, 3, 9, 2, 8, 0, 3, 2, 1, 2, 0, 5, 4, 3, 7, 4, 2, 0, 8, 3, 0, 0, 9, 4, 6, 9, 6, 5, 3, 5, 1, 7, 5, 9, 3, 6, 2, 2, 6, 0, 8, 1, 7, 2, 9, 1, 0, 9, 1, 7, 1, 2, 3, 4]",exponential,750,0.005,0.001,749.9986001374749,750,2048,exp_decay,100,55,1.0962600708007812
1,205.0,2,0.0024928959901444614,"[7, 8, 5, 7, 5, 1, 6, 0, 3, 8, 7, 1, 5, 7, 8, 3, 7, 0, 7, 2, 1, 8, 0, 8, 9, 8, 4, 5, 4, 9, 1, 8, 2, 0, 7, 2, 8, 0, 5, 6, 3, 8, 7, 2, 1, 3, 5, 3, 9, 2, 8, 0, 3, 2, 1, 2, 0, 5, 4, 3, 7, 4, 2, 0, 8, 3, 8, 0, 9, 4, 6, 9, 6, 5, 3, 5, 1, 7, 5, 9, 3, 6, 2, 2, 6, 0, 8, 1, 7, 2, 9, 1, 0, 9, 1, 7, 1, 2, 3, 4]",exponential,750,0.005,0.001,749.9906516982979,750,2048,exp_decay,100,55,1.0962600708007812
2,205.0,4,0.004940216022077948,"[7, 8, 5, 7, 5, 1, 6, 0, 3, 8, 7, 1, 5, 7, 8, 3, 7, 0, 7, 2, 1, 8, 0, 8, 9, 8, 4, 5, 4, 9, 1, 8, 2, 0, 7, 2, 8, 0, 5, 6, 3, 8, 7, 2, 1, 3, 5, 3, 9, 2, 8, 0, 3, 2, 1, 2, 0, 5, 4, 3, 7, 4, 2, 0, 8, 3, 8, 0, 9, 4, 6, 9, 6, 5, 3, 5, 1, 7, 5, 9, 3, 6, 2, 2, 6, 0, 8, 1, 7, 2, 9, 1, 0, 9, 1, 7, 1, 2, 3, 2]",exponential,750,0.005,0.001,749.981474418719,750,2048,exp_decay,100,55,1.0962600708007812
4,202.0,8,0.0075482919928617775,"[7, 8, 5, 7, 5, 1, 6, 0, 3, 8, 7, 1, 5, 7, 8, 3, 7, 0, 7, 2, 1, 8, 0, 8, 9, 8, 4, 5, 4, 9, 1, 8, 2, 0, 7, 2, 8, 0, 5, 6, 3, 8, 7, 2, 1, 3, 5, 3, 9, 2, 8, 0, 3, 2, 1, 2, 0, 5, 4, 3, 7, 4, 2, 0, 8, 3, 8, 0, 9, 4, 6, 9, 6, 5, 3, 7, 1, 7, 4, 9, 3, 6, 2, 2, 6, 0, 8, 1, 7, 2, 9, 1, 0, 9, 1, 7, 1, 2, 3, 2]",exponential,750,0.005,0.001,749.9716944391766,750,2048,exp_decay,100,55,1.0962600708007812
8,201.0,16,0.010381097032222897,"[7, 8, 5, 7, 5, 1, 6, 0, 3, 8, 7, 1, 5, 7, 8, 3, 7, 0, 7, 5, 1, 8, 0, 8, 0, 8, 4, 5, 4, 9, 1, 8, 2, 0, 7, 2, 8, 0, 5, 6, 3, 8, 7, 2, 1, 3, 1, 3, 9, 2, 8, 0, 3, 2, 1, 2, 0, 5, 4, 3, 7, 4, 2, 0, 8, 3, 8, 0, 9, 4, 6, 9, 6, 5, 3, 7, 1, 7, 4, 9, 3, 6, 2, 2, 6, 0, 8, 1, 7, 2, 9, 1, 0, 9, 1, 7, 7, 2, 3, 2]",exponential,750,0.005,0.001,749.961071896429,750,2048,exp_decay,100,55,1.0962600708007812
16,201.0,32,0.015285959001630545,"[7, 8, 5, 7, 5, 1, 6, 0, 3, 8, 7, 1, 5, 7, 8, 3, 7, 0, 7, 5, 1, 8, 0, 8, 0, 8, 4, 5, 4, 9, 1, 8, 2, 0, 7, 2, 8, 0, 9, 6, 3, 8, 7, 2, 2, 3, 1, 3, 0, 2, 8, 0, 3, 2, 1, 2, 0, 5, 4, 3, 7, 4, 2, 0, 8, 3, 8, 0, 9, 4, 6, 9, 6, 5, 3, 7, 2, 7, 4, 9, 3, 6, 2, 2, 0, 0, 8, 1, 7, 2, 9, 1, 0, 7, 1, 7, 7, 3, 9, 2]",exponential,750,0.005,0.001,749.9426798442557,750,2048,exp_decay,100,55,1.0962600708007812
32,198.0,64,0.023085649008862674,"[7, 8, 5, 7, 5, 1, 6, 0, 3, 0, 7, 1, 8, 7, 8, 3, 7, 0, 7, 5, 1, 8, 0, 8, 0, 8, 4, 4, 6, 9, 1, 8, 2, 0, 7, 2, 8, 0, 9, 4, 3, 8, 1, 2, 2, 1, 4, 3, 0, 0, 8, 0, 3, 2, 1, 2, 0, 5, 4, 3, 1, 4, 2, 0, 8, 3, 8, 0, 9, 7, 6, 9, 6, 5, 3, 7, 2, 7, 4, 9, 3, 6, 2, 5, 0, 0, 8, 1, 7, 2, 9, 6, 0, 7, 3, 7, 7, 3, 4, 2]",exponential,750,0.005,0.001,749.9134338124044,750,2048,exp_decay,100,55,1.0962600708007812
64,203.0,128,0.03651933203218505,"[7, 8, 9, 5, 5, 6, 6, 5, 3, 9, 7, 1, 3, 7, 1, 3, 7, 0, 7, 9, 1, 4, 0, 8, 7, 8, 4, 4, 6, 2, 1, 2, 2, 0, 7, 2, 9, 7, 9, 1, 3, 8, 1, 5, 2, 1, 8, 3, 0, 4, 8, 8, 3, 2, 2, 2, 0, 5, 4, 3, 1, 4, 2, 0, 8, 2, 8, 0, 9, 7, 6, 9, 6, 5, 3, 1, 4, 7, 2, 7, 3, 6, 2, 5, 0, 0, 9, 1, 7, 2, 9, 6, 0, 7, 3, 7, 7, 0, 4, 2]",exponential,750,0.005,0.001,749.8630650071959,750,2048,exp_decay,100,55,1.0962600708007812
128,214.0,256,0.06737144698854536,"[7, 8, 7, 5, 5, 6, 6, 6, 0, 9, 0, 1, 3, 5, 5, 3, 7, 0, 7, 9, 1, 0, 9, 9, 6, 8, 4, 4, 6, 5, 1, 2, 1, 0, 4, 4, 6, 8, 9, 1, 0, 5, 8, 4, 2, 1, 0, 3, 0, 4, 9, 9, 8, 2, 5, 7, 0, 5, 9, 3, 1, 4, 7, 0, 9, 2, 2, 8, 8, 7, 8, 9, 6, 5, 4, 1, 2, 5, 2, 8, 8, 6, 5, 0, 0, 9, 9, 0, 7, 4, 9, 0, 0, 7, 3, 7, 7, 6, 3, 2]",exponential,750,0.005,0.001,749.7473996213141,750,2048,exp_decay,100,55,1.0962600708007812
256,205.0,512,0.12470308499177918,"[2, 8, 8, 5, 1, 6, 6, 2, 0, 3, 4, 1, 5, 2, 6, 0, 7, 0, 6, 4, 5, 0, 6, 2, 5, 8, 9, 4, 6, 8, 9, 3, 8, 0, 4, 5, 6, 0, 8, 7, 0, 7, 6, 8, 9, 1, 4, 6, 8, 9, 6, 5, 8, 9, 9, 1, 6, 8, 3, 0, 8, 1, 1, 0, 6, 2, 1, 1, 5, 8, 2, 5, 4, 5, 4, 2, 6, 6, 2, 8, 8, 7, 5, 3, 2, 5, 9, 2, 7, 4, 2, 0, 9, 7, 3, 1, 2, 6, 1, 9]",exponential,750,0.005,0.001,749.5325091902919,750,2048,exp_decay,100,55,1.0962600708007812
512,213.0,1024,0.25288763298885897,"[2, 1, 3, 5, 7, 7, 0, 0, 7, 0, 9, 2, 9, 8, 8, 2, 1, 1, 4, 4, 1, 0, 0, 1, 5, 0, 9, 2, 4, 9, 5, 3, 3, 9, 8, 0, 4, 7, 6, 8, 6, 2, 6, 7, 3, 3, 0, 8, 1, 0, 1, 3, 0, 3, 5, 4, 4, 5, 8, 0, 7, 1, 4, 8, 5, 8, 2, 0, 4, 0, 8, 5, 8, 0, 3, 9, 2, 1, 1, 3, 6, 1, 7, 8, 9, 9, 8, 7, 0, 0, 7, 2, 5, 7, 2, 8, 2, 4, 4, 4]",exponential,750,0.005,0.001,749.0522706751254,750,2048,exp_decay,100,55,1.0962600708007812
1024,214.0,2031,0.5886700280243531,"[6, 4, 5, 7, 5, 3, 7, 4, 7, 8, 7, 8, 8, 4, 6, 9, 8, 1, 0, 6, 5, 1, 9, 5, 2, 5, 7, 8, 9, 5, 4, 6, 0, 6, 0, 4, 3, 6, 1, 3, 8, 3, 6, 4, 4, 9, 3, 6, 5, 3, 2, 1, 2, 5, 9, 9, 0, 0, 1, 7, 9, 3, 0, 4, 5, 9, 6, 0, 8, 5, 1, 6, 6, 3, 3, 4, 1, 5, 2, 6, 1, 4, 3, 8, 0, 1, 5, 4, 8, 9, 9, 5, 7, 2, 4, 6, 0, 2, 2, 3]",exponential,750,0.005,0.001,747.7957329511261,750,2048,exp_decay,100,55,1.0962600708007812
2048,230.0,2979,1.0859120159875602,"[1, 3, 7, 7, 3, 1, 6, 9, 1, 2, 3, 4, 4, 2, 6, 6, 2, 9, 6, 0, 0, 8, 4, 5, 2, 1, 0, 0, 4, 8, 2, 0, 3, 1, 6, 3, 2, 8, 6, 0, 8, 9, 0, 5, 7, 7, 1, 7, 1, 0, 7, 8, 1, 2, 9, 6, 3, 9, 3, 6, 2, 3, 2, 1, 8, 5, 0, 2, 8, 2, 8, 8, 9, 6, 5, 4, 8, 6, 9, 7, 7, 9, 7, 9, 6, 7, 1, 9, 9, 8, 7, 0, 1, 4, 4, 9, 5, 1, 6, 5]",exponential,750,0.005,0.001,745.9388650051618,750,2048,exp_decay,100,55,1.0962600708007812
0,210.0,0,0.00037827598862349987,"[6, 3, 7, 9, 1, 0, 0, 9, 3, 0, 6, 3, 2, 4, 1, 7, 2, 8, 6, 3, 8, 5, 9, 4, 6, 9, 2, 9, 1, 0, 2, 6, 2, 1, 2, 1, 9, 8, 4, 3, 3, 0, 8, 6, 0, 3, 2, 4, 2, 1, 9, 7, 5, 2, 8, 3, 3, 3, 8, 1, 7, 4, 8, 4, 1, 5, 0, 6, 6, 7, 9, 4, 9, 9, 6, 0, 5, 7, 7, 6, 9, 5, 9, 4, 3, 5, 2, 1, 5, 4, 7, 6, 8, 2, 4, 8, 7, 0, 4, 7]",exponential,750,0.005,0.001,749.9985814663842,750,2048,exp_decay,100,888,1.0284290313720703
1,210.0,2,0.0022778399870730937,"[4, 3, 7, 9, 1, 0, 0, 9, 3, 0, 6, 3, 2, 4, 1, 7, 2, 8, 6, 3, 8, 5, 9, 4, 6, 9, 2, 9, 1, 0, 2, 6, 2, 1, 2, 1, 9, 8, 4, 3, 3, 0, 8, 6, 0, 3, 2, 4, 2, 1, 9, 7, 5, 2, 8, 3, 3, 3, 8, 1, 7, 4, 8, 4, 1, 5, 0, 6, 6, 7, 9, 4, 9, 9, 6, 0, 5, 7, 7, 6, 9, 5, 9, 4, 3, 5, 2, 1, 5, 4, 7, 6, 8, 2, 4, 8, 7, 0, 4, 7]",exponential,750,0.005,0.001,749.991458148691,750,2048,exp_decay,100,888,1.0284290313720703
2,211.0,4,0.004921204992569983,"[4, 3, 7, 9, 1, 0, 0, 9, 3, 0, 6, 3, 2, 4, 1, 7, 2, 8, 6, 3, 8, 9, 9, 4, 6, 9, 2, 9, 1, 0, 2, 6, 2, 1, 2, 1, 9, 8, 4, 3, 3, 0, 8, 6, 0, 3, 2, 4, 2, 1, 9, 7, 5, 2, 8, 3, 3, 3, 8, 1, 7, 4, 8, 4, 1, 5, 0, 6, 6, 7, 9, 4, 9, 9, 6, 0, 5, 7, 7, 6, 9, 5, 9, 4, 3, 5, 2, 1, 5, 4, 7, 6, 8, 2, 4, 8, 7, 0, 4, 7]",exponential,750,0.005,0.001,749.9815457083222,750,2048,exp_decay,100,888,1.0284290313720703
4,212.0,8,0.007524377957452089,"[4, 3, 7, 9, 1, 0, 0, 9, 3, 0, 6, 3, 2, 4, 1, 7, 2, 8, 6, 3, 8, 9, 9, 4, 6, 9, 2, 9, 1, 0, 2, 6, 2, 1, 2, 1, 9, 8, 4, 3, 3, 0, 8, 6, 0, 0, 2, 4, 2, 1, 9, 7, 5, 2, 8, 3, 3, 3, 8, 1, 7, 4, 8, 4, 4, 5, 0, 6, 6, 7, 9, 4, 9, 9, 6, 0, 5, 7, 7, 6, 9, 5, 9, 4, 3, 5, 2, 1, 5, 4, 7, 6, 8, 2, 4, 8, 7, 0, 4, 7]",exponential,750,0.005,0.001,749.9717841134304,750,2048,exp_decay,100,888,1.0284290313720703
8,212.0,16,0.010277978959493339,"[4, 3, 7, 9, 1, 0, 0, 9, 3, 0, 6, 9, 2, 4, 1, 7, 2, 8, 6, 3, 8, 9, 9, 2, 6, 9, 2, 9, 1, 0, 2, 6, 2, 1, 2, 1, 9, 8, 4, 3, 3, 0, 8, 6, 0, 0, 3, 4, 2, 1, 9, 7, 5, 2, 8, 3, 3, 3, 8, 1, 7, 4, 8, 4, 4, 0, 0, 6, 6, 7, 9, 4, 9, 9, 6, 0, 5, 7, 7, 6, 9, 5, 9, 4, 3, 5, 2, 1, 5, 4, 7, 6, 8, 2, 4, 8, 7, 0, 4, 7]",exponential,750,0.005,0.001,749.9614585692303,750,2048,exp_decay,100,888,1.0284290313720703
16,209.0,32,0.014873728970997036,"[4, 3, 7, 9, 1, 0, 6, 9, 3, 9, 6, 9, 2, 4, 1, 7, 2, 8, 6, 3, 8, 9, 9, 2, 6, 9, 2, 9, 1, 0, 2, 6, 2, 8, 2, 1, 9, 8, 4, 0, 3, 0, 8, 6, 0, 0, 3, 4, 2, 2, 9, 7, 5, 2, 8, 3, 3, 3, 8, 1, 7, 4, 8, 4, 4, 0, 0, 6, 6, 7, 9, 4, 9, 9, 6, 0, 5, 7, 4, 6, 9, 5, 9, 4, 5, 5, 2, 1, 5, 4, 7, 6, 8, 9, 4, 8, 7, 0, 4, 7]",exponential,750,0.005,0.001,749.9442255903181,750,2048,exp_decay,100,888,1.0284290313720703
32,210.0,64,0.022186004964169115,"[2, 3, 7, 9, 1, 9, 6, 9, 3, 9, 6, 9, 2, 4, 4, 7, 2, 8, 6, 3, 8, 9, 9, 4, 7, 9, 9, 9, 1, 0, 6, 6, 2, 8, 2, 8, 9, 8, 4, 0, 9, 0, 8, 6, 0, 0, 3, 4, 2, 3, 9, 6, 5, 2, 8, 3, 3, 3, 8, 1, 7, 4, 8, 4, 4, 0, 0, 0, 6, 7, 5, 5, 9, 9, 6, 0, 5, 7, 4, 6, 7, 5, 9, 4, 5, 5, 2, 1, 5, 4, 6, 6, 8, 9, 4, 8, 7, 0, 4, 7]",exponential,750,0.005,0.001,749.9168070957651,750,2048,exp_decay,100,888,1.0284290313720703
64,207.0,128,0.03590817196527496,"[2, 3, 7, 9, 2, 9, 6, 9, 3, 9, 6, 0, 2, 4, 4, 7, 2, 8, 6, 3, 2, 9, 9, 4, 6, 6, 9, 4, 7, 0, 2, 6, 2, 8, 2, 8, 9, 8, 4, 6, 9, 0, 8, 6, 0, 1, 3, 4, 5, 3, 9, 6, 3, 2, 0, 3, 3, 3, 8, 1, 7, 4, 8, 2, 8, 0, 5, 0, 6, 7, 5, 5, 8, 9, 6, 6, 5, 7, 4, 4, 7, 5, 9, 6, 5, 1, 2, 1, 5, 3, 6, 6, 8, 9, 4, 8, 7, 4, 4, 7]",exponential,750,0.005,0.001,749.8653564425019,750,2048,exp_decay,100,888,1.0284290313720703
128,206.0,256,0.06204502994660288,"[4, 3, 2, 3, 8, 9, 4, 9, 2, 2, 6, 3, 2, 0, 1, 7, 0, 3, 6, 3, 8, 9, 9, 6, 8, 5, 6, 1, 1, 1, 2, 6, 9, 8, 9, 7, 9, 6, 4, 6, 0, 4, 6, 3, 0, 1, 5, 4, 5, 3, 9, 4, 3, 2, 0, 4, 3, 3, 1, 4, 5, 4, 7, 2, 8, 0, 1, 0, 6, 5, 5, 5, 8, 5, 6, 6, 5, 7, 4, 4, 1, 5, 9, 6, 5, 1, 4, 4, 5, 3, 2, 6, 7, 0, 2, 8, 7, 9, 4, 7]",exponential,750,0.005,0.001,749.7673672238349,750,2048,exp_decay,100,888,1.0284290313720703
256,205.0,512,0.1170670609571971,"[7, 3, 0, 6, 6, 9, 8, 5, 2, 2, 6, 0, 2, 0, 8, 5, 0, 3, 0, 3, 9, 4, 6, 1, 6, 2, 6, 1, 1, 7, 1, 5, 1, 8, 7, 7, 6, 9, 7, 8, 0, 4, 0, 1, 4, 5, 9, 4, 4, 4, 9, 9, 7, 2, 0, 4, 7, 8, 7, 3, 7, 1, 7, 8, 9, 0, 8, 6, 5, 5, 0, 2, 8, 5, 8, 7, 5, 1, 4, 4, 1, 5, 1, 6, 5, 9, 3, 4, 9, 8, 2, 2, 8, 3, 4, 5, 7, 0, 6, 9]",exponential,750,0.005,0.001,749.5611269778781,750,2048,exp_decay,100,888,1.0284290313720703
512,201.0,1022,0.24210664100246504,"[5, 5, 1, 8, 7, 9, 4, 5, 7, 2, 9, 8, 2, 6, 6, 7, 7, 2, 8, 5, 5, 4, 6, 9, 7, 6, 8, 5, 1, 8, 4, 9, 5, 6, 9, 6, 0, 3, 9, 7, 0, 4, 5, 4, 9, 1, 8, 4, 0, 7, 2, 8, 2, 2, 1, 1, 0, 0, 7, 0, 1, 5, 1, 7, 1, 5, 1, 7, 5, 3, 2, 0, 7, 8, 6, 4, 1, 9, 3, 4, 1, 8, 9, 9, 7, 7, 5, 3, 6, 0, 6, 8, 5, 1, 1, 8, 8, 3, 3, 5]",exponential,750,0.005,0.001,749.09264939606,750,2048,exp_decay,100,888,1.0284290313720703
1024,213.0,2032,0.5741800229880027,"[7, 7, 1, 2, 2, 9, 5, 8, 4, 3, 5, 0, 3, 7, 0, 4, 4, 0, 1, 4, 6, 9, 5, 1, 8, 2, 4, 0, 3, 3, 8, 7, 4, 3, 8, 7, 1, 6, 9, 6, 4, 1, 6, 2, 5, 7, 3, 5, 9, 4, 7, 4, 7, 3, 0, 6, 4, 4, 1, 3, 4, 7, 9, 6, 6, 9, 4, 0, 7, 1, 9, 2, 3, 3, 2, 9, 3, 7, 8, 9, 8, 7, 4, 6, 9, 6, 6, 6, 6, 6, 0, 6, 4, 6, 6, 1, 0, 8, 3, 0]",exponential,750,0.005,0.001,747.8499127334488,750,2048,exp_decay,100,888,1.0284290313720703
2048,230.0,2998,1.0189405019627884,"[4, 4, 4, 1, 5, 9, 0, 8, 5, 2, 6, 0, 1, 2, 2, 9, 6, 8, 6, 4, 4, 7, 3, 8, 9, 7, 9, 8, 3, 5, 6, 3, 2, 1, 7, 9, 0, 0, 6, 0, 6, 7, 9, 1, 0, 1, 2, 7, 7, 9, 4, 1, 6, 4, 4, 9, 0, 1, 3, 2, 3, 1, 7, 2, 7, 7, 9, 8, 6, 2, 4, 5, 3, 2, 6, 3, 8, 8, 7, 2, 0, 3, 8, 6, 2, 4, 1, 2, 3, 1, 5, 0, 2, 8, 4, 8, 9, 0, 6, 1]",exponential,750,0.005,0.001,746.1886901065373,750,2048,exp_decay,100,888,1.0284290313720703
0,206.0,0,0.0003651130245998502,"[2, 5, 1, 4, 9, 5, 2, 1, 6, 1, 9, 7, 6, 0, 2, 9, 1, 2, 6, 7, 7, 7, 8, 7, 1, 7, 4, 0, 3, 5, 7, 3, 1, 5, 2, 5, 3, 8, 5, 2, 5, 3, 0, 6, 8, 0, 5, 6, 8, 9, 2, 2, 2, 9, 7, 5, 7, 1, 0, 9, 3, 0, 3, 0, 6, 2, 1, 5, 8, 6, 5, 1, 0, 5, 8, 2, 9, 4, 7, 9, 5, 2, 4, 8, 2, 5, 6, 5, 9, 6, 1, 9, 5, 0, 8, 8, 2, 0, 2, 0]",exponential,750,0.005,0.001,749.9986308274075,750,2048,exp_decay,100,12345,1.2830326557159424
1,204.0,2,0.0021594600402750075,"[2, 5, 1, 4, 9, 5, 2, 1, 6, 1, 9, 7, 6, 0, 2, 9, 1, 2, 6, 7, 7, 7, 8, 7, 1, 7, 4, 0, 3, 5, 7, 3, 1, 5, 2, 5, 3, 8, 5, 2, 5, 3, 0, 6, 8, 0, 5, 6, 8, 9, 2, 2, 2, 9, 7, 5, 7, 1, 0, 9, 3, 0, 3, 0, 6, 2, 1, 5, 8, 6, 5, 1, 0, 5, 8, 2, 9, 4, 7, 9, 5, 2, 4, 8, 2, 5, 5, 5, 9, 6, 1, 9, 5, 0, 8, 8, 2, 0, 2, 0]",exponential,750,0.005,0.001,749.9919020685669,750,2048,exp_decay,100,12345,1.2830326557159424
2,204.0,4,0.003936346038244665,"[2, 5, 1, 4, 9, 5, 2, 1, 6, 1, 9, 7, 6, 0, 2, 9, 1, 2, 6, 7, 7, 7, 8, 7, 1, 7, 4, 0, 3, 5, 7, 3, 1, 5, 2, 5, 3, 8, 5, 2, 5, 3, 0, 6, 8, 0, 5, 6, 8, 9, 2, 2, 2, 9, 7, 5, 7, 1, 0, 9, 3, 0, 3, 0, 6, 2, 1, 5, 8, 6, 5, 1, 0, 5, 8, 2, 9, 4, 7, 9, 5, 2, 4, 8, 2, 5, 5, 5, 9, 6, 1, 9, 5, 0, 8, 8, 2, 0, 8, 0]",exponential,750,0.005,0.001,749.9852388476196,750,2048,exp_decay,100,12345,1.2830326557159424
4,205.0,8,0.005989328026771545,"[2, 5, 1, 7, 9, 5, 2, 1, 6, 1, 9, 7, 6, 5, 2, 9, 1, 2, 6, 7, 7, 7, 8, 7, 1, 7, 4, 0, 3, 5, 7, 3, 1, 5, 2, 5, 3, 8, 5, 2, 5, 3, 0, 6, 8, 0, 5, 6, 8, 9, 2, 2, 2, 9, 7, 5, 7, 1, 0, 9, 3, 0, 3, 0, 6, 2, 1, 5, 8, 6, 5, 1, 0, 5, 8, 2, 9, 4, 7, 9, 5, 2, 4, 8, 2, 5, 5, 5, 9, 6, 1, 9, 5, 0, 8, 8, 2, 0, 8, 0]",exponential,750,0.005,0.001,749.9775403561968,750,2048,exp_decay,100,12345,1.2830326557159424
8,205.0,16,0.008683927007950842,"[2, 5, 4, 7, 9, 5, 2, 1, 6, 1, 9, 7, 6, 5, 2, 9, 1, 2, 6, 7, 7, 7, 8, 7, 4, 7, 4, 0, 3, 5, 7, 3, 1, 5, 2, 5, 3, 8, 5, 2, 5, 4, 0, 6, 8, 0, 5, 6, 8, 9, 2, 2, 2, 9, 7, 5, 7, 1, 0, 9, 3, 0, 3, 0, 6, 6, 1, 5, 8, 6, 5, 1, 0, 5, 8, 2, 9, 4, 7, 9, 5, 2, 4, 8, 2, 5, 5, 5, 9, 6, 1, 9, 5, 0, 8, 8, 2, 0, 8, 0]",exponential,750,0.005,0.001,749.9674359806842,750,2048,exp_decay,100,12345,1.2830326557159424
16,206.0,32,0.012711688003037125,"[2, 5, 4, 7, 9, 5, 2, 1, 6, 1, 9, 8, 2, 5, 2, 9, 1, 2, 6, 7, 7, 7, 8, 7, 4, 0, 4, 0, 3, 5, 7, 3, 1, 5, 2, 5, 3, 8, 5, 2, 5, 4, 9, 6, 8, 0, 5, 6, 8, 9, 2, 2, 2, 6, 7, 5, 7, 1, 0, 9, 3, 0, 7, 0, 6, 6, 1, 5, 8, 6, 5, 1, 0, 5, 8, 2, 9, 4, 7, 9, 5, 2, 4, 8, 2, 5, 5, 5, 9, 9, 1, 9, 5, 0, 8, 8, 6, 0, 8, 0]",exponential,750,0.005,0.001,749.9523326848347,750,2048,exp_decay,100,12345,1.2830326557159424
32,203.0,64,0.01935170200886205,"[2, 5, 4, 1, 9, 5, 2, 1, 6, 0, 9, 8, 2, 5, 2, 9, 1, 0, 6, 7, 7, 7, 8, 7, 4, 0, 4, 0, 3, 5, 7, 3, 1, 5, 2, 5, 3, 2, 1, 2, 5, 4, 3, 6, 8, 8, 2, 6, 4, 9, 2, 6, 2, 6, 7, 5, 7, 1, 0, 9, 9, 0, 7, 0, 2, 6, 1, 5, 8, 6, 5, 1, 0, 5, 8, 2, 9, 4, 7, 9, 7, 2, 4, 8, 2, 5, 5, 5, 9, 9, 8, 9, 5, 0, 8, 5, 6, 0, 8, 0]",exponential,750,0.005,0.001,749.927434628182,750,2048,exp_decay,100,12345,1.2830326557159424
64,203.0,128,0.031616449006833136,"[2, 5, 4, 0, 9, 4, 2, 1, 6, 0, 9, 8, 2, 1, 1, 9, 7, 9, 6, 7, 7, 7, 8, 7, 1, 0, 4, 0, 3, 5, 7, 3, 0, 5, 8, 5, 3, 2, 1, 2, 5, 4, 9, 2, 8, 8, 2, 6, 4, 2, 2, 6, 2, 9, 7, 5, 7, 8, 0, 9, 9, 2, 7, 0, 2, 6, 2, 5, 8, 6, 5, 1, 0, 5, 8, 2, 9, 4, 7, 9, 7, 2, 8, 3, 2, 1, 5, 5, 2, 0, 8, 9, 5, 0, 8, 5, 1, 0, 4, 0]",exponential,750,0.005,0.001,749.8814476869792,750,2048,exp_decay,100,12345,1.2830326557159424
128,204.0,256,0.05696528602857143,"[2, 5, 4, 2, 9, 4, 5, 1, 6, 9, 9, 8, 7, 1, 5, 9, 0, 9, 6, 6, 7, 9, 7, 2, 4, 8, 4, 4, 3, 5, 7, 9, 0, 5, 7, 8, 6, 2, 1, 2, 4, 7, 0, 2, 8, 8, 2, 3, 4, 3, 2, 6, 2, 9, 7, 5, 7, 4, 0, 9, 6, 2, 7, 0, 3, 4, 0, 5, 5, 6, 5, 1, 6, 2, 5, 3, 9, 0, 7, 3, 7, 2, 8, 1, 7, 2, 5, 5, 0, 3, 8, 4, 4, 7, 8, 0, 8, 9, 4, 9]",exponential,750,0.005,0.001,749.7864105967905,750,2048,exp_decay,100,12345,1.2830326557159424
256,207.0,512,0.11209641804452986,"[3, 3, 4, 4, 9, 1, 5, 1, 3, 9, 3, 1, 2, 1, 5, 1, 5, 9, 9, 3, 3, 6, 7, 2, 6, 8, 4, 4, 8, 6, 0, 9, 0, 1, 7, 5, 0, 0, 9, 3, 4, 1, 3, 9, 1, 7, 2, 6, 4, 2, 1, 0, 5, 2, 4, 8, 3, 0, 1, 1, 6, 9, 0, 6, 3, 6, 1, 8, 0, 3, 5, 1, 6, 8, 9, 6, 7, 1, 8, 8, 7, 2, 1, 6, 1, 1, 4, 9, 6, 6, 0, 2, 7, 8, 0, 3, 0, 9, 4, 3]",exponential,750,0.005,0.001,749.5797562128924,750,2048,exp_decay,100,12345,1.2830326557159424
512,208.0,1024,0.24071886902675033,"[2, 5, 4, 2, 3, 6, 2, 5, 1, 6, 9, 1, 3, 6, 4, 4, 0, 7, 2, 3, 0, 6, 6, 1, 3, 7, 2, 4, 4, 5, 6, 8, 8, 2, 3, 7, 9, 1, 9, 0, 2, 7, 3, 3, 9, 6, 4, 8, 1, 0, 2, 7, 7, 7, 5, 7, 8, 5, 1, 8, 7, 3, 0, 6, 1, 5, 8, 6, 3, 4, 5, 9, 8, 8, 7, 9, 7, 1, 8, 1, 3, 6, 9, 6, 8, 3, 1, 3, 1, 6, 9, 9, 9, 9, 7, 7, 5, 7, 4, 3]",exponential,750,0.005,0.001,749.0978472630238,750,2048,exp_decay,100,12345,1.2830326557159424
1024,214.0,2039,0.6001798290526494,"[0, 3, 1, 7, 4, 1, 6, 9, 1, 9, 9, 0, 9, 5, 9, 0, 3, 8, 8, 5, 0, 8, 7, 4, 8, 6, 6, 9, 0, 4, 5, 1, 1, 8, 7, 3, 8, 3, 9, 9, 8, 3, 9, 6, 0, 2, 7, 0, 6, 3, 4, 5, 7, 4, 7, 6, 6, 8, 8, 8, 2, 4, 4, 4, 2, 0, 7, 8, 8, 0, 3, 8, 3, 2, 9, 2, 4, 2, 8, 3, 4, 3, 5, 6, 5, 6, 2, 2, 3, 5, 3, 8, 8, 3, 4, 0, 4, 1, 6, 7]",exponential,750,0.005,0.001,747.7526992889298,750,2048,exp_decay,100,12345,1.2830326557159424
2048,230.0,3282,1.2668371710460633,"[4, 8, 3, 5, 8, 6, 0, 8, 1, 8, 0, 3, 0, 5, 6, 3, 9, 6, 4, 4, 1, 4, 2, 0, 0, 4, 8, 6, 2, 0, 2, 7, 5, 4, 8, 3, 5, 6, 8, 4, 9, 3, 6, 8, 1, 1, 6, 2, 5, 6, 9, 9, 2, 4, 8, 3, 3, 1, 4, 0, 9, 0, 3, 5, 9, 5, 8, 1, 2, 5, 7, 4, 9, 7, 7, 3, 7, 5, 1, 0, 8, 4, 3, 9, 1, 5, 2, 6, 1, 8, 8, 2, 3, 2, 7, 6, 0, 4, 2, 6]",exponential,750,0.005,0.001,745.2643746077823,750,2048,exp_decay,100,12345,1.2830326557159424
